{"type": "FeatureCollection", "features": [{"type": "Feature", "properties": {"bairro": "ABOLIÇÕES"}, "geometry": {"type": "MultiPolygon", "coordinates": [[[[-37.3599447543098, -5.17261963310022], [-37.3599748773271, -5.17258833941337], [-37.3602102282773, -5.17230483843066], [-37.3602168855378, -5.17229681651256], [-37.3617570602118, -5.17058901789648], [-37.3620320091043, -5.17030549688474], [-37.3624583355019, -5.16986587356892], [-37.3636922763568, -5.1685934519863], [-37.3641845056489, -5.16808586558149], [-37.3642170493493, -5.16805165512541], [-37.3642788946806, -5.16798664779742], [-37.371581111782476, -5.160310850385135], [-37.3730594277602, -5.1587568701912], [-37.3730682670392, -5.15874757856843], [-37.3733989539292, -5.15839996527329], [-37.3741942544287, -5.15756582952584], [-37.3791865719124, -5.15230760270206], [-37.3901149772277, -5.14083088315575], [-37.3988378229002, -5.13184806512597], [-37.3828738150892, -5.11826633448913], [-37.3704461479447, -5.12999530015653], [-37.3646011827386, -5.12941688673219], [-37.3550516453529, -5.12847175788879], [-37.3536130004987, -5.13098995399804], [-37.353462371012, -5.13150503233379], [-37.3594002359852, -5.13573829380839], [-37.3628956891257, -5.13889389201209], [-37.3616734963474, -5.1410697428085], [-37.3620199884011, -5.14150616068428], [-37.3625744919368, -5.14185907756693], [-37.3693865662974, -5.14468254806927], [-37.3682687352915, -5.14421923511251], [-37.3682314763805, -5.14478147531212], [-37.3682706456583, -5.14507252947797], [-37.3683887682889, -5.14564007887655], [-37.3641661714773, -5.1465615403651], [-37.3650887599241, -5.1473730633886], [-37.364887708222, -5.14760924095656], [-37.3646023829106, -5.14798756842847], [-37.3649745612573, -5.14825675086149], [-37.3645973653188, -5.14896612015178], [-37.3641423516356, -5.14869915304404], [-37.3620215404054, -5.15183317723044], [-37.3611451420138, -5.15252364729937], [-37.3596243017414, -5.15401121233915], [-37.3620687670226, -5.15574017624813], [-37.3568359812293, -5.16289495031136], [-37.3565923765234, -5.16275155963271], [-37.3551363698757, -5.16354307839951], [-37.3550482176248, -5.16346325449932], [-37.352150459897, -5.16533868388503], [-37.3520545829537, -5.16520050218054], [-37.3519264799819, -5.16500620853441], [-37.3518037670926, -5.16480849407753], [-37.3516865363174, -5.16460750708715], [-37.3515748755759, -5.16440339829495], [-37.3514688686108, -5.16419632077394], [-37.3513685949242, -5.16398642982372], [-37.3512719712271, -5.16376887154711], [-37.3511814953603, -5.16354870666458], [-37.3510972381216, -5.16332610745373], [-37.3510753184973, -5.16326492073368], [-37.3510161349209, -5.16309178237838], [-37.3510097524672, -5.16307235799838], [-37.3509998807069, -5.16304199534565], [-37.3509538862652, -5.16289506156391], [-37.3509105652745, -5.16274732398187], [-37.3511116504233, -5.16369428184338], [-37.3511148727619, -5.1638568489849], [-37.3511142771981, -5.16401944667699], [-37.3511082595511, -5.16422061250432], [-37.3510963973555, -5.16442152047204], [-37.3510787005538, -5.16462200218763], [-37.3510551839787, -5.16482188961602], [-37.3510258673407, -5.1650210152204], [-37.350990775212, -5.16521921210263], [-37.3509499370053, -5.16541631414315], [-37.3509033869495, -5.16561215614019], [-37.350851164061, -5.16580657394825], [-37.3507942451532, -5.1659964195726], [-37.3507319069576, -5.16618456922308], [-37.350664200302, -5.16637086949211], [-37.3505911803914, -5.1665551684802], [-37.3505129067632, -5.16673731591969], [-37.3483362572298, -5.17050587064213], [-37.3476958605461, -5.17138495372907], [-37.345181839546, -5.17567890691931], [-37.345840251175, -5.17678560058545], [-37.3461707509518, -5.17731644859329], [-37.3465843375602, -5.17798074905378], [-37.3473803323427, -5.17925926520755], [-37.3480731021551, -5.18030773845518], [-37.3492635508099, -5.18179789020861], [-37.3492779786919, -5.18181595026757], [-37.3494376509409, -5.18200820566283], [-37.3494340818047, -5.18201135230629], [-37.350122370724, -5.1828729157579], [-37.3501227932759, -5.18287344496312], [-37.3506436013152, -5.18232682590878], [-37.356185541919, -5.17657685705649], [-37.359863568296, -5.17270397413847], [-37.3599447543098, -5.17261963310022]]]]}}, {"type": "Feature", "properties": {"bairro": "AEROPORTO"}, "geometry": {"type": "MultiPolygon", "coordinates": [[[[-37.3589666236987, -5.19324222932594], [-37.3585306228172, -5.19615307174839], [-37.3584657852592, -5.19658148368129], [-37.3580296842557, -5.19946296874361], [-37.3578547390675, -5.20061888511852], [-37.3628724786445, -5.20136536826748], [-37.364119995742, -5.20406814588554], [-37.3648639351159, -5.20567990143233], [-37.3660858061955, -5.20832709537455], [-37.368009896361, -5.21241089417148], [-37.36924098501688, -5.214998453158357], [-37.37135037236776, -5.213404920930836], [-37.3713562486875, -5.21340034133863], [-37.3721383590026, -5.21280944033137], [-37.3725651410455, -5.21244373372431], [-37.3728632514033, -5.21215240473439], [-37.3730060806993, -5.21200065232791], [-37.3732787335534, -5.21168556025858], [-37.3734083455785, -5.21152246504875], [-37.3735941274093, -5.21127125407633], [-37.3738234159399, -5.21092756941363], [-37.3739366511328, -5.2107412825731], [-37.3740444154133, -5.21055180459483], [-37.3741466181802, -5.21035929477675], [-37.3742431735083, -5.21016391496583], [-37.37433400022, -5.20996582942207], [-37.3744190219542, -5.20976520468041], [-37.3744981672302, -5.20956220941069], [-37.3745183259254, -5.20950379512916], [-37.3748987753441, -5.20840144053863], [-37.3749031156836, -5.20838886394189], [-37.3754063388698, -5.20693075696538], [-37.3754731229159, -5.20673724706747], [-37.3756893918441, -5.20610673442722], [-37.3762237216935, -5.20454893109979], [-37.3764841146239, -5.20378977579698], [-37.3766318457977, -5.2033563832732], [-37.3767222086287, -5.20309128808761], [-37.3769989967356, -5.20227928024552], [-37.3776432107104, -5.20038935383606], [-37.3776541576203, -5.20035723513281], [-37.3777282929478, -5.20013974519728], [-37.3778065034047, -5.19991030005449], [-37.3781078318809, -5.19904373071537], [-37.3781764057789, -5.1988232853737], [-37.3782384494024, -5.19860092946967], [-37.3782939092298, -5.19837685481506], [-37.3783427374192, -5.19815125470455], [-37.3783848918493, -5.19792432374892], [-37.3784203361558, -5.19769625770719], [-37.3784490397629, -5.1974672533178], [-37.3784709779098, -5.19723750812882], [-37.3784861316716, -5.19700722032761], [-37.378494487976, -5.19677658856975], [-37.3784960396145, -5.19654581180787], [-37.3784907852487, -5.19631508911982], [-37.3784787294111, -5.19608461953703], [-37.3784598825017, -5.19585460187284], [-37.3784342607785, -5.19562523455095], [-37.378401886344, -5.19539671543424], [-37.3783627871258, -5.19516924165412], [-37.3783169968526, -5.19494300944048], [-37.3782570539712, -5.19470998257345], [-37.3781904070994, -5.1944787686878], [-37.3781171113632, -5.19424955903036], [-37.3780372273878, -5.19402254319038], [-37.377950821248, -5.19379790894275], [-37.3778411764083, -5.19353873792441], [-37.3777587336883, -5.19335652632164], [-37.3776532111505, -5.19314014303624], [-37.3775414840808, -5.19292687121738], [-37.3774236448926, -5.19271688727254], [-37.3772997910546, -5.19251036488985], [-37.3771700250103, -5.19230747489434], [-37.3769931055603, -5.19206737857151], [-37.3768121958397, -5.19183024960851], [-37.3766273460226, -5.19159615377466], [-37.3764386073756, -5.1913651559981], [-37.3762460322441, -5.19113732034779], [-37.3755726870776, -5.19031568236231], [-37.3738962837675, -5.18827006776258], [-37.370989826868, -5.18470747484283], [-37.37058619812807, -5.184211522014372], [-37.3705859848812, -5.18421126097036], [-37.37058598556096, -5.1842112608256805], [-37.3695868075514, -5.18298353566402], [-37.3693586624561, -5.18309419377858], [-37.3648431575014, -5.1852843314985], [-37.3635598769336, -5.18590674824095], [-37.3632393802618, -5.18606219448057], [-37.3631366975428, -5.18583447030487], [-37.3631357434005, -5.18583511168967], [-37.3631010371175, -5.18575876471542], [-37.3625601455429, -5.18612419138876], [-37.3615910610876, -5.18677890245686], [-37.3615056336535, -5.18683661527936], [-37.3611966378686, -5.1870453726066], [-37.3611966161839, -5.187045387019], [-37.3611341136717, -5.18708761627023], [-37.3608588510189, -5.18727358047913], [-37.3608324003358, -5.18729145118413], [-37.3607314840269, -5.18735962972675], [-37.3606410019626, -5.18742075833903], [-37.3605046180556, -5.18751091040594], [-37.3605030811667, -5.18751192555361], [-37.3604672890479, -5.18753558477827], [-37.3593796408604, -5.18825453883533], [-37.3567130846636, -5.19001716072714], [-37.3566564587445, -5.19005459201139], [-37.3558967701044, -5.19036165722715], [-37.3559034672783, -5.19037177375253], [-37.3559307817939, -5.19049688079325], [-37.3560468502556, -5.19102849932881], [-37.3594039744777, -5.19142449228647], [-37.3585001368806, -5.19211068183543], [-37.3589666236987, -5.19324222932594]]]]}}, {"type": "Feature", "properties": {"bairro": "ALAGADOS"}, "geometry": {"type": "MultiPolygon", "coordinates": [[[[-37.339796799999995, -5.204966799999999], [-37.3397948, -5.2047096999999996], [-37.3421172, -5.2061689], [-37.342989900000006, -5.2063947], [-37.3442733, -5.206141500000001], [-37.3479435, -5.204788299999999], [-37.3489259, -5.205169499999999], [-37.350527299999996, -5.2066457], [-37.352762999999996, -5.208369900000001], [-37.35339479999999, -5.2096976], [-37.3539762, -5.210118700000001], [-37.3545485, -5.210787100000001], [-37.356219100000004, -5.2134141], [-37.35781599999999, -5.215321100000001], [-37.36105860000001, -5.2181935], [-37.3615268, -5.218871099999999], [-37.363051299999995, -5.2197189999999996], [-37.359337499999995, -5.2226194], [-37.357768199999995, -5.2236255], [-37.3557998, -5.2242488], [-37.3510093, -5.224849000000001], [-37.3507727, -5.2230796999999995], [-37.3493971, -5.2214395], [-37.348656500000004, -5.2202999000000005], [-37.3482123, -5.218644800000001], [-37.3477118, -5.2181322], [-37.34752679999999, -5.218147500000001], [-37.3462476, -5.2172943], [-37.3472425, -5.2165634], [-37.34744829999999, -5.2160031], [-37.347274399999996, -5.2157762], [-37.346107599999996, -5.216432300000001], [-37.3451099, -5.215357399999999], [-37.34479090000001, -5.2143410999999995], [-37.3449818, -5.2142681], [-37.344694000000004, -5.2136071], [-37.3448817, -5.2130846], [-37.3438529, -5.2110796], [-37.340750199999995, -5.2078894], [-37.3402481, -5.2082463], [-37.339818099999995, -5.2072858], [-37.339796799999995, -5.204966799999999]]]]}}, {"type": "Feature", "properties": {"bairro": "ALTO DA BELA VISTA"}, "geometry": {"type": "MultiPolygon", "coordinates": [[[[-37.370989826868, -5.18470747484283], [-37.3738962837675, -5.18827006776258], [-37.3755726870776, -5.19031568236231], [-37.370586198128876, -5.184211522015354], [-37.370989826868, -5.18470747484283]]], [[[-37.370586198128876, -5.184211522015354], [-37.37058598556096, -5.1842112608256805], [-37.3705859848812, -5.18421126097036], [-37.370586198128876, -5.184211522015354]]], [[[-37.3911535503969, -5.14354366643695], [-37.4081662075288, -5.13979087647419], [-37.3988378229002, -5.13184806512597], [-37.3901149772277, -5.14083088315575], [-37.3791865719124, -5.15230760270206], [-37.3741942544287, -5.15756582952584], [-37.3733989539292, -5.15839996527329], [-37.3730682670392, -5.15874757856843], [-37.3730594277602, -5.1587568701912], [-37.3702763621326, -5.16168238065641], [-37.3689716752776, -5.16305382676196], [-37.3681321631555, -5.16394511003228], [-37.3674962984757, -5.16460468802457], [-37.3665802199344, -5.16556762472412], [-37.3660145710302, -5.16616220447642], [-37.365987249465, -5.16619092500687], [-37.3654597266905, -5.1667454297864], [-37.365335156039, -5.1668763705775], [-37.3649574246475, -5.16727342166914], [-37.3644886837752, -5.16776613253688], [-37.3642788946806, -5.16798664779742], [-37.3641845056489, -5.16808586558149], [-37.3636922763568, -5.1685934519863], [-37.3624583355019, -5.16986587356892], [-37.3620320091043, -5.17030549688474], [-37.3617570602118, -5.17058901789648], [-37.3602168855378, -5.17229681651256], [-37.3602102282773, -5.17230483843066], [-37.3599748773271, -5.17258833941337], [-37.3636291802785, -5.17576311607788], [-37.3673696399742, -5.18029643184611], [-37.3695868075514, -5.18298353566402], [-37.37058598556096, -5.1842112608256805], [-37.3769798389807, -5.18285039135932], [-37.3813067132527, -5.18561135659595], [-37.3819016110421, -5.18513671045135], [-37.3828595326843, -5.18665099946692], [-37.3821915409513, -5.18702839349927], [-37.3824558044818, -5.18782402126943], [-37.3828779502189, -5.18954519597747], [-37.38350171709, -5.19208841508315], [-37.3857599273802, -5.19123708686389], [-37.3874385700784, -5.19416982380308], [-37.3949001768604, -5.19501104175125], [-37.3950595443239, -5.19580549095264], [-37.4040318039555, -5.19595043475083], [-37.4015763566297, -5.18113020045066], [-37.4013026006762, -5.18048602292281], [-37.3979127607748, -5.17408636582959], [-37.3849689736298, -5.1500720726912], [-37.3911535503969, -5.14354366643695]]]]}}, {"type": "Feature", "properties": {"bairro": "ALTO DA CONCEIÇÃO"}, "geometry": {"type": "MultiPolygon", "coordinates": [[[[-37.3436527797077, -5.19653981076212], [-37.3436572986145, -5.19655501819162], [-37.343667888633, -5.19659134570858], [-37.3436780888268, -5.19662773731048], [-37.3436877060825, -5.19666422685298], [-37.343696543693, -5.19670084275656], [-37.3437044067358, -5.1967376206808], [-37.3437111039108, -5.19677459086892], [-37.3437164366972, -5.19681178535379], [-37.3437190864978, -5.19683604336159], [-37.3437210884358, -5.1968603919051], [-37.3437224515783, -5.19688481292248], [-37.3437231849779, -5.19690929377746], [-37.3437232977017, -5.19693381640822], [-37.3437227988165, -5.1969583627529], [-37.3437216937769, -5.19698291654869], [-37.343719991645, -5.19700746154228], [-37.3437177050909, -5.19703198148983], [-37.3437148377699, -5.19705645831529], [-37.3437114005481, -5.19708087577], [-37.3437074006838, -5.19710521759599], [-37.3437028472393, -5.19712946753991], [-37.3436977492817, -5.19715360753985], [-37.3436921158683, -5.1971776231511], [-37.3436859524632, -5.19720149449373], [-37.3436765909847, -5.19723419951253], [-37.3436662616094, -5.19726658368161], [-37.3436549914203, -5.19729863802921], [-37.3436428021168, -5.19733034271798], [-37.3436297207866, -5.19736168696758], [-37.343625389587, -5.19737129896752], [-37.3436157691197, -5.19739265455782], [-37.3436009724139, -5.19742322927795], [-37.3435853541445, -5.1974534021467], [-37.3435689414226, -5.19748315334097], [-37.343551755929, -5.1975124702577], [-37.3435338229521, -5.19754134030322], [-37.3435151659906, -5.19756974545353], [-37.3434958103284, -5.19759767492361], [-37.3434757794641, -5.1976251106894], [-37.3434550986817, -5.19765204196585], [-37.3434337914799, -5.19767845072899], [-37.343407015767, -5.1977099452794], [-37.3433794679525, -5.19774074873646], [-37.3433512776665, -5.19777095910311], [-37.3433225636915, -5.19780068339657], [-37.3432934556529, -5.19783002142839], [-37.3432640759461, -5.19785907841677], [-37.3432345487844, -5.19788795415906], [-37.3432050001757, -5.19791675207447], [-37.3431755543193, -5.19794557738602], [-37.3431463336247, -5.19797452988642], [-37.3431174677075, -5.19800371300443], [-37.3430890753647, -5.19803322833177], [-37.3430612862072, -5.19806318110587], [-37.3430342226445, -5.19809367111947], [-37.3430080088805, -5.1981248017872], [-37.3429827709183, -5.19815667833701], [-37.3429616314637, -5.19818515108492], [-37.3429412967804, -5.19821423724096], [-37.3429217344772, -5.1982439059745], [-37.3429029139672, -5.1982741264597], [-37.3428848010651, -5.19830486424404], [-37.3428673669829, -5.19833609031491], [-37.342850575722, -5.19836777383226], [-37.3428343984991, -5.19839988397485], [-37.3428188011196, -5.19843238990732], [-37.3428037530012, -5.19846525899522], [-37.3427892217529, -5.19849846040786], [-37.3427751767877, -5.19853196331931], [-37.3427615839109, -5.19856573689419], [-37.3427484107314, -5.19859975030181], [-37.3427356284663, -5.19863397272097], [-37.3427232029255, -5.1986683715077], [-37.3427145134861, -5.19869308620959], [-37.3427060024584, -5.19871787010551], [-37.3426976770537, -5.19874272502299], [-37.3426895517226, -5.1987676437657], [-37.3426816354943, -5.19879262274035], [-37.3426739373887, -5.1988176619706], [-37.3426664682438, -5.19884275605929], [-37.3426592406968, -5.19886790142252], [-37.3426522637723, -5.19889309627544], [-37.3426455483083, -5.19891833522091], [-37.3426391033247, -5.1989436182826], [-37.3426329432721, -5.19896893826432], [-37.3426270735624, -5.19899429518027], [-37.3426215086463, -5.1990196818342], [-37.342616257539, -5.19904510005843], [-37.342611332887, -5.19907054265189], [-37.3426067401119, -5.19909600601181], [-37.3426024954494, -5.19912149018085], [-37.3425986061295, -5.19914698975232], [-37.3425950829855, -5.19917250113763], [-37.34259193865, -5.19919802256141], [-37.3425891803483, -5.19922355042559], [-37.3425868207177, -5.19924908114624], [-37.3425848705962, -5.19927460932619], [-37.3425833408077, -5.19930013499393], [-37.3425822385823, -5.19932565274278], [-37.3425815783611, -5.19935115899359], [-37.3425813691642, -5.19937665377011], [-37.3425816200302, -5.19940212986184], [-37.3425823453957, -5.1994275854982], [-37.3425835506774, -5.19945301888487], [-37.3425852521253, -5.19947842463893], [-37.3425874849057, -5.19950415190564], [-37.342590228303, -5.19952984434347], [-37.3425934660863, -5.19955550010121], [-37.3425971910588, -5.19958111192571], [-37.3426013942053, -5.19960667798466], [-37.3426060629125, -5.19963219281927], [-37.3426111881651, -5.19965765459727], [-37.342616759149, -5.19968305967309], [-37.3426227650546, -5.19970840259266], [-37.342629195063, -5.19973368151894], [-37.3426360419723, -5.19975889100731], [-37.3426432913606, -5.19978402740275], [-37.3426509360213, -5.19980908706919], [-37.3426589651355, -5.1998340681696], [-37.3426673678983, -5.19985896344134], [-37.342676133486, -5.19988377285589], [-37.3426852528978, -5.19990848915544], [-37.3426947135105, -5.19993311049815], [-37.3427045081179, -5.19995763324797], [-37.3427146241065, -5.19998205194604], [-37.3427250524611, -5.20000636476007], [-37.3427357823721, -5.20003056623601], [-37.3427468030206, -5.20005465453679], [-37.342758105401, -5.20007862421302], [-37.3427696768901, -5.200102473423], [-37.3427815102864, -5.20012619672206], [-37.3427935929763, -5.20014978865136], [-37.34280591594, -5.20017324918717], [-37.3428184683679, -5.20019657287538], [-37.3428312412497, -5.20021975607514], [-37.3428442219718, -5.20024279332764], [-37.342857401519, -5.20026568280055], [-37.3428780631161, -5.20030062793748], [-37.3428991712509, -5.20033520891832], [-37.3429207259377, -5.20036942031739], [-37.3429427271859, -5.20040325851754], [-37.3429651732013, -5.20043671989688], [-37.3429880639932, -5.20046980083832], [-37.3430114013846, -5.2005024941123], [-37.3430351835764, -5.2005347979055], [-37.3430594105781, -5.20056670860078], [-37.3430840824038, -5.20059822077247], [-37.343109199068, -5.20062932899484], [-37.3431347605753, -5.20066003145929], [-37.3431607651361, -5.20069032273536], [-37.3431872145637, -5.20072019921067], [-37.3432141070685, -5.20074965545479], [-37.343241444464, -5.20077868785523], [-37.3432610530215, -5.20079897361622], [-37.3432808767967, -5.20081905195778], [-37.3433009067461, -5.20083893189892], [-37.343321137453, -5.20085861523395], [-37.3433415580652, -5.20087811278571], [-37.3433621649607, -5.20089742997034], [-37.343382947292, -5.20091657580218], [-37.3434038978336, -5.2009355538793], [-37.3434250093509, -5.20095437141693], [-37.3434462764084, -5.20097303744364], [-37.3434676881631, -5.20099155916518], [-37.3434892391938, -5.20100994018434], [-37.343510920457, -5.20102818952019], [-37.3435327247179, -5.201046314388], [-37.3435546465504, -5.20106432019913], [-37.3435766751071, -5.20108221596796], [-37.3435988049664, -5.20110000529728], [-37.3436156083758, -5.20111338219817], [-37.3436210270851, -5.20111769720616], [-37.3436433360321, -5.20113529891462], [-37.3436657227689, -5.20115281763313], [-37.3436881782659, -5.20117025695504], [-37.3437106970877, -5.20118762590891], [-37.3437332719948, -5.20120493351858], [-37.3437558939578, -5.20122218337736], [-37.343778555742, -5.20123938270056], [-37.3438012501125, -5.20125653870339], [-37.3438239680258, -5.20127366040494], [-37.3438467040605, -5.20129075140803], [-37.3438694491732, -5.20130782073176], [-37.3438921961291, -5.20132487559137], [-37.3439149377027, -5.20134191958499], [-37.3439376666499, -5.20135896354503], [-37.3439640720671, -5.20137878788693], [-37.3439904431681, -5.20139862841516], [-37.3440167763307, -5.2014184905459], [-37.344043064306, -5.20143838692003], [-37.3440693052805, -5.20145832114996], [-37.3440954902012, -5.20147830587184], [-37.3441216172548, -5.20149834469807], [-37.3441476791922, -5.20151845026955], [-37.3441736723912, -5.20153862800247], [-37.3441995896125, -5.20155888692064], [-37.3442254272196, -5.20157923786592], [-37.3442511797911, -5.20159968444119], [-37.3442768418821, -5.20162023929213], [-37.3443024080664, -5.2016409078302], [-37.3443278747125, -5.20166169908868], [-37.3443532327768, -5.20168262208666], [-37.3443784822405, -5.20170368405836], [-37.3444036140552, -5.20172489583141], [-37.3444286245989, -5.20174626282202], [-37.344453506632, -5.20176779405403], [-37.344478258327, -5.20178949856547], [-37.3445028724489, -5.20181138357161], [-37.3445273435623, -5.20183345810099], [-37.3445516680355, -5.20185573118697], [-37.3445758386337, -5.20187821004479], [-37.3445998517301, -5.20190090189921], [-37.3446237018844, -5.20192381758735], [-37.3446473836658, -5.20194696432926], [-37.3446708916386, -5.20197035115347], [-37.3446942203768, -5.20199398347146], [-37.344717366244, -5.20201787212511], [-37.3447403220007, -5.20204202613823], [-37.3447590976314, -5.2020621487291], [-37.3447776977624, -5.20208246799249], [-37.34479607907, -5.20210299466596], [-37.3448141982209, -5.20212374310426], [-37.3448320118914, -5.202144724045], [-37.3448494767622, -5.20216594641724], [-37.3448665476916, -5.20218742637955], [-37.3448831831643, -5.20220917286572], [-37.3448993398518, -5.20223119842193], [-37.3449149726263, -5.20225351378107], [-37.3449300399679, -5.20227612968552], [-37.3449444985387, -5.20229906229858], [-37.3449583032201, -5.20232231873598], [-37.344971412483, -5.20234591335727], [-37.344983781204, -5.20236985508673], [-37.3449953660453, -5.20239416008767], [-37.3450078036208, -5.20242281873823], [-37.3450192442155, -5.20245192872036], [-37.3450298070338, -5.20248143609016], [-37.3450396058629, -5.20251128869812], [-37.3450487616969, -5.20254143803074], [-37.3450573883233, -5.20257183193848], [-37.3450656031423, -5.20260241647273], [-37.3450735235447, -5.20263314130193], [-37.34508126873, -5.20266395429079], [-37.3450889524859, -5.20269480328973], [-37.3450966940024, -5.20272563978053], [-37.3451046088713, -5.20275641161839], [-37.3451128144976, -5.2027870630461], [-37.3451214282628, -5.20281754734931], [-37.345130567572, -5.20284780877081], [-37.3451403480029, -5.20287780059143], [-37.345148491957, -5.2029009879053], [-37.3451570838038, -5.20292398287905], [-37.3451661109012, -5.20294679090521], [-37.3451755606169, -5.20296941375913], [-37.3451854185048, -5.20299185682858], [-37.3451956719229, -5.20301412550603], [-37.3452063082388, -5.20303622156686], [-37.3452173130017, -5.20305815220741], [-37.3452286735696, -5.2030799228201], [-37.3452403755107, -5.20310153336706], [-37.3452524061783, -5.20312299104931], [-37.3452647529305, -5.20314430125934], [-37.345277401326, -5.20316546757631], [-37.3452903369235, -5.20318649357946], [-37.3453035488897, -5.20320738285744], [-37.3453170227739, -5.20322814260656], [-37.3453307459389, -5.20324877641075], [-37.345344703948, -5.20326928604062], [-37.3453588823507, -5.20328967869247], [-37.3453732703135, -5.203309957955], [-37.3453878533905, -5.20333012921596], [-37.3453922701161, -5.2033361307876], [-37.3454026189491, -5.2033501942507], [-37.3454175525385, -5.20337016025555], [-37.3454326397176, -5.20339003080969], [-37.345447869653, -5.2034098095018], [-37.3454632278987, -5.20342950171965], [-37.3454787018127, -5.20344911285565], [-37.3454942769584, -5.20346864468054], [-37.3455099406937, -5.20348810258675], [-37.3455256785727, -5.2035074919621], [-37.3455414779581, -5.20352681639046], [-37.3455573262125, -5.20354607945581], [-37.3455766131356, -5.20356938646348], [-37.3455959580095, -5.20359260862057], [-37.3456153626524, -5.20361574050613], [-37.3456348324904, -5.2036387767087], [-37.3456543729354, -5.20366171724253], [-37.3456739858104, -5.20368455487808], [-37.3456936801446, -5.20370728602192], [-37.3457134559476, -5.20372990705699], [-37.3457333204401, -5.20375241619363], [-37.3457532772487, -5.20377480620709], [-37.3457733317904, -5.20379707530305], [-37.3457934876824, -5.20381921987384], [-37.3458137503509, -5.20384123450801], [-37.3458341252173, -5.20386311560264], [-37.345854614095, -5.20388485954537], [-37.3458752242047, -5.20390646454657], [-37.3458959591733, -5.20392792338146], [-37.3459168244221, -5.20394923244716], [-37.3459378217599, -5.20397038993984], [-37.3459589584168, -5.20399139045275], [-37.3459802398142, -5.20401223038302], [-37.3460016677655, -5.20403290611821], [-37.3460232476922, -5.20405341405545], [-37.3460449850203, -5.20407374878324], [-37.3460668833626, -5.20409390850247], [-37.3460889499491, -5.20411388780649], [-37.3461111865934, -5.20413368308278], [-37.3461335969128, -5.20415329072379], [-37.3461561881328, -5.20417270713131], [-37.3461789638754, -5.2041919268891], [-37.3462019295573, -5.20421094820281], [-37.3462250888008, -5.20422976565623], [-37.3462518423707, -5.20425105219723], [-37.3462788510224, -5.20427206450512], [-37.3463061093532, -5.20429279894861], [-37.3463336119606, -5.20431325189629], [-37.3463613534422, -5.20433341971686], [-37.3463893301995, -5.20435329878366], [-37.3464175368204, -5.20437288908248], [-37.3464459661127, -5.20439218155154], [-37.3464746144638, -5.20441117798991], [-37.3465034764757, -5.20442987295765], [-37.3465325467461, -5.20444826282344], [-37.3465618216715, -5.2044663457692], [-37.3465912940457, -5.20448411815883], [-37.3466209584707, -5.20450157455246], [-37.3466508113386, -5.20451871494057], [-37.3466808490556, -5.20453553388797], [-37.3467110626064, -5.2045520295624], [-37.3467414483973, -5.2045681965287], [-37.3467720028202, -5.20458403477736], [-37.3468027186781, -5.20459953705518], [-37.346833592363, -5.20461470335265], [-37.3468646184771, -5.20462952822988], [-37.3468957898045, -5.20464401166789], [-37.3469271045599, -5.20465814642768], [-37.3469585555322, -5.20467193068174], [-37.3469901373188, -5.20468536079871], [-37.3470218445125, -5.20469843495577], [-37.3470536753187, -5.2047111495311], [-37.3470856207269, -5.20472350088385], [-37.3471176771431, -5.20473548357886], [-37.3471498391556, -5.20474709760192], [-37.3471821013616, -5.20475833932162], [-37.3472038726424, -5.20476569583438], [-37.3472256876445, -5.20477288969017], [-37.3472475391237, -5.20477993172139], [-37.3472694306738, -5.20478682736312], [-37.3472913586679, -5.20479358384017], [-37.3473133212641, -5.20480021561619], [-37.3473353166539, -5.20480672449503], [-37.3473573430049, -5.20481312132327], [-37.3473794002934, -5.20481941514365], [-37.3474014848879, -5.20482561498953], [-37.3474235949654, -5.20483172809036], [-37.3474457305072, -5.20483776168035], [-37.3474678878769, -5.20484372660138], [-37.3474900688595, -5.20484963009242], [-37.3475122662203, -5.20485547936875], [-37.347534483539, -5.20486128529112], [-37.3475567171932, -5.20486705327575], [-37.3475789635468, -5.20487279416454], [-37.3476012225762, -5.20487851700025], [-37.3476234942672, -5.20488422720855], [-37.3476457749834, -5.20488993563125], [-37.34765879269724, -5.204893271369977], [-37.3479435, -5.204788299999999], [-37.3489259, -5.205169499999999], [-37.350527299999996, -5.2066457], [-37.351015900023675, -5.207022514492476], [-37.3548512802714, -5.20475687471222], [-37.3544386633007, -5.20408285700666], [-37.3543722531191, -5.20397437342143], [-37.3538229834688, -5.2030771317058], [-37.3533166720858, -5.20181483496647], [-37.3531034324744, -5.20096841339141], [-37.3529221611893, -5.2005475232992], [-37.3529011013461, -5.20049862503591], [-37.352551063948, -5.19968587805703], [-37.3518760714261, -5.19870432515018], [-37.3510009989939, -5.19757105425478], [-37.3496042137051, -5.19585468805984], [-37.3494913779039, -5.19571603543055], [-37.3479196649974, -5.19388676270816], [-37.345769920062, -5.19521086083223], [-37.3436465136887, -5.19651872090865], [-37.3436350352673, -5.19652069827638], [-37.3436527797077, -5.19653981076212]]]]}}, {"type": "Feature", "properties": {"bairro": "ALTO DE SÃO MANOEL"}, "geometry": {"type": "MultiPolygon", "coordinates": [[[[-37.3272073742761, -5.21239423049936], [-37.3272073728109, -5.212394232548726], [-37.3271306580736, -5.21251720958089], [-37.3264916951015, -5.2133952496074], [-37.3260222501852, -5.21400668359899], [-37.3258375498537, -5.21448325511921], [-37.3247050493359, -5.21571930349969], [-37.3250505200438, -5.21603723996829], [-37.3255042384295, -5.21640642333518], [-37.3257829235641, -5.21663318187787], [-37.3262588582907, -5.21702044091671], [-37.3269948699125, -5.21761931796596], [-37.3270466256097, -5.21766143039088], [-37.3281036074096, -5.21852147128512], [-37.3299093728523, -5.21572186452548], [-37.3321120738672, -5.21702490822883], [-37.3321415423238, -5.21628783598793], [-37.3346474611444, -5.21211834899642], [-37.34022111262915, -5.208186017744887], [-37.339818099999995, -5.2072858], [-37.339796799999995, -5.204966799999999], [-37.33979575646778, -5.204832653933025], [-37.3391013423384, -5.20442704910153], [-37.3375004182361, -5.20347469385908], [-37.3370736253346, -5.20322080323956], [-37.3358200189751, -5.20257832888177], [-37.3350320969295, -5.20217451799122], [-37.333507171735, -5.20132549535999], [-37.3331522967707, -5.20112791266235], [-37.3330561151105, -5.20107685777404], [-37.3312231531564, -5.20256617086574], [-37.3287571041704, -5.20456985385625], [-37.3280179117925, -5.20517044860018], [-37.3291883613922, -5.20604212264488], [-37.3298891146937, -5.20656359649772], [-37.3298301515334, -5.2067284400291], [-37.3290269786579, -5.20898028645904], [-37.3289570903067, -5.20938259685735], [-37.3288645791879, -5.20966409834815], [-37.3286631101764, -5.2099395604419], [-37.3285132141671, -5.21023240924965], [-37.3278216335185, -5.21140954614493], [-37.32720738128096, -5.212394218970867], [-37.3272073742761, -5.21239423049936]]]]}}, {"type": "Feature", "properties": {"bairro": "ALTO DO SUMARÉ"}, "geometry": {"type": "MultiPolygon", "coordinates": [[[[-37.3046267786624, -5.25984617000999], [-37.3046267786624, -5.25984617000999], [-37.3063884067732, -5.26179364627333], [-37.3300972561809, -5.2586861535673], [-37.3323452375438, -5.2586116559912], [-37.3551825094742, -5.25788085071822], [-37.3557505969553, -5.25460040421491], [-37.3557903371797, -5.25441611346786], [-37.355824819212, -5.25423077566408], [-37.3558540153797, -5.25404453954041], [-37.3558779022522, -5.25385755455475], [-37.3558964606597, -5.25366997076611], [-37.3559096757086, -5.25348193871422], [-37.3559175367937, -5.25329360929865], [-37.3559039281777, -5.25142550724522], [-37.3559962115605, -5.24950505801026], [-37.356043507402, -5.24648592813482], [-37.3560627269644, -5.24525901699845], [-37.3560780266157, -5.24502971536569], [-37.3560871239828, -5.24480008668669], [-37.3560900124761, -5.244570297292], [-37.3560866900032, -5.2443405136288], [-37.3560771589708, -5.24411090214029], [-37.3560614262827, -5.2438816291451], [-37.3560395033348, -5.24365286071695], [-37.356011406007, -5.24342476256419], [-37.3559771546513, -5.24319749990982], [-37.3559367740777, -5.2429712373719], [-37.3558902935358, -5.24274613884415], [-37.3558377466936, -5.24252236737741], [-37.3557791716132, -5.24230008506131], [-37.3552520237627, -5.24090140245987], [-37.3542992696058, -5.23837344405555], [-37.3525025393008, -5.23345594521963], [-37.3520082043451, -5.23208694403114], [-37.3510596660363, -5.22946006154422], [-37.3508342842688, -5.22846097713438], [-37.350918216217, -5.22759252363493], [-37.350953723502, -5.22629488115928], [-37.3509664699604, -5.22582904870328], [-37.3509779376485, -5.22540995537012], [-37.3509824717068, -5.22524422991506], [-37.3509941765683, -5.224816481374], [-37.3509940895369, -5.22481595846846], [-37.3509935102536, -5.22481602748025], [-37.3509423112888, -5.22482215418865], [-37.3482381007328, -5.22511795440816], [-37.3438280280996, -5.2256801115836], [-37.3431450946461, -5.22569579162921], [-37.338877973894, -5.22579375134014], [-37.3379751239502, -5.22581447514859], [-37.3371528028045, -5.22583409085687], [-37.3334846367537, -5.22592158100672], [-37.3271936744398, -5.2260647303978], [-37.3262791191721, -5.22600181119346], [-37.3261822143281, -5.2259996931701], [-37.3260856769817, -5.2259910337387], [-37.3259899518797, -5.22597587279295], [-37.3258954800272, -5.22595428017878], [-37.3258026966554, -5.22592635537255], [-37.3257120292169, -5.22589222702288], [-37.3256238954159, -5.22585205235786], [-37.3255387012845, -5.22580601646082], [-37.3254568393115, -5.2257543314176], [-37.3253786866345, -5.22569723533953], [-37.3253046033025, -5.22563499126649], [-37.325234930617, -5.22556788595506], [-37.3251699895597, -5.22549622855755], [-37.3251100793135, -5.22542034919766], [-37.3250554758848, -5.22534059744969], [-37.3250064308311, -5.2252573407281], [-37.3249631701028, -5.22517096259483], [-37.3249258930018, -5.22508186099222], [-37.3248952377463, -5.22499281539732], [-37.3248704889329, -5.22490196581092], [-37.3248517522791, -5.22480970030676], [-37.3248391078207, -5.22471641300705], [-37.3248326095699, -5.22462250239881], [-37.3248322852846, -5.22452836963185], [-37.3248381363503, -5.22443441680508], [-37.3248501377732, -5.22434104524897], [-37.3248682382881, -5.22424865381122], [-37.3248923605764, -5.22415763715302], [-37.324922401597, -5.22406838406314], [-37.3249582330263, -5.22398127579727], [-37.3248711043228, -5.22412501890246], [-37.3248601563786, -5.2241430814727], [-37.3244335085887, -5.22484696161051], [-37.3241136606368, -5.22537464131934], [-37.3233315133127, -5.2266650083125], [-37.3224127093932, -5.2281808179705], [-37.3219521483811, -5.22893137369011], [-37.3219416429374, -5.22894849418242], [-37.3206490598073, -5.23105494110572], [-37.3199968888332, -5.23211773967641], [-37.3199386896527, -5.23221258269983], [-37.3195382880863, -5.23291945696836], [-37.3188002086986, -5.23422246707825], [-37.3180023665404, -5.2356309759781], [-37.3174993701063, -5.23651896018202], [-37.3168744956902, -5.23765305900901], [-37.3167903577263, -5.23780576276083], [-37.3157084069087, -5.23976941049837], [-37.3154761073785, -5.24019072585384], [-37.3145432081178, -5.24188269229441], [-37.3138256112225, -5.24318416407829], [-37.3137832292229, -5.24326103009159], [-37.3130089796146, -5.24466524091709], [-37.3120468037902, -5.24641027021308], [-37.3119708225732, -5.24654832373703], [-37.3102104031688, -5.24974688149193], [-37.3095128387296, -5.25101429302203], [-37.3090465272155, -5.25186153582323], [-37.3046267786624, -5.25984617000999]]]]}}, {"type": "Feature", "properties": {"bairro": "BARROCAS"}, "geometry": {"type": "MultiPolygon", "coordinates": [[[[-37.3270189423841, -5.1749453245267], [-37.3270311579303, -5.17495097957612], [-37.3270433353767, -5.17495671771809], [-37.3270554765223, -5.17496254076592], [-37.3270675777547, -5.17496845051864], [-37.3270769493942, -5.17497310154452], [-37.3270862956465, -5.17497780314267], [-37.3270956183107, -5.17498255712642], [-37.3271049173868, -5.17498736349576], [-37.3271141946834, -5.17499222044694], [-37.3271234484014, -5.17499712616662], [-37.327132678536, -5.17500208246335], [-37.327141886896, -5.17500708753339], [-37.3271510734812, -5.17501214137669], [-37.3271602364925, -5.17501724217999], [-37.327169377734, -5.17502238994805], [-37.3271784954063, -5.17502758286752], [-37.3271875931125, -5.17503282275654], [-37.3271966672497, -5.17503810779703], [-37.3272057196264, -5.17504343618518], [-37.3272147502379, -5.17504880972955], [-37.3272237608976, -5.1750542248178], [-37.3272327479882, -5.17505968505756], [-37.3272417151317, -5.17506518503266], [-37.3272506623234, -5.17507072655165], [-37.3272595859555, -5.17507630960505], [-37.3272684896406, -5.17508193239383], [-37.3272773733786, -5.17508759491798], [-37.3272862371743, -5.17509329536897], [-37.327295079219, -5.17509903555058], [-37.3273039013262, -5.17510481185048], [-37.3273127016872, -5.17511062607246], [-37.3273214839145, -5.1751164764175], [-37.3273302444051, -5.17512236106755], [-37.3273389867621, -5.17512828184067], [-37.3273477091862, -5.17513423692357], [-37.3273564116775, -5.17514022631624], [-37.32736509604, -5.17514625002342], [-37.3273737586752, -5.17515230441853], [-37.3273824049901, -5.17515839132443], [-37.3273910295779, -5.17516450891824], [-37.3273996378501, -5.17517065721427], [-37.327408226199, -5.17517683620301], [-37.3274167946294, -5.17518304407591], [-37.3274253467442, -5.17518928265105], [-37.32743387895, -5.17519554649325], [-37.327442394845, -5.17520183922916], [-37.3274508908262, -5.17520815904067], [-37.3274593686975, -5.17521450593258], [-37.3274678302723, -5.17522087629259], [-37.3274762737371, -5.17522727373297], [-37.3274846991016, -5.17523369463666], [-37.3274931081647, -5.17524014081695], [-37.3275014991322, -5.17524660865204], [-37.3275098719993, -5.17525309995043], [-37.3275182303832, -5.17525961110461], [-37.3275265706667, -5.1752661457221], [-37.3275348928593, -5.17527270018584], [-37.3275432005688, -5.17527927450531], [-37.3275514901873, -5.17528586867105], [-37.3275597653227, -5.17529248269256], [-37.3275680223767, -5.17529911294324], [-37.3275762649523, -5.17530576124113], [-37.3275844894465, -5.17531242576821], [-37.3275926994623, -5.17531910834251], [-37.3276008932054, -5.1753258053422], [-37.3276090724747, -5.17533251858061], [-37.3276172354713, -5.17533924624437], [-37.3276253840038, -5.17534598652978], [-37.3276386839497, -5.17535704296164], [-37.3276519423071, -5.17536813726315], [-37.3276651590758, -5.17537926943427], [-37.3276783324521, -5.1753904394703], [-37.3276914624311, -5.17540164917975], [-37.3277045508167, -5.17541289856738], [-37.3277175939964, -5.17542418943221], [-37.3277305919608, -5.17543552539133], [-37.3277435447193, -5.17544690282766], [-37.3277564504585, -5.17545832535352], [-37.3277693109823, -5.17546979297367], [-37.3277821226735, -5.17548130929567], [-37.3277948873407, -5.17549287251575], [-37.3278076031704, -5.17550448624622], [-37.3278202701675, -5.17551614867853], [-37.3278328865232, -5.1755278616165], [-37.3278454522282, -5.17553962867717], [-37.3278579672871, -5.17555144805204], [-37.3278704316952, -5.17556332154965], [-37.3278828418399, -5.17557525096897], [-37.3278951995253, -5.17558723631482], [-37.3279075047464, -5.17559927939571], [-37.3279197538956, -5.17561138020211], [-37.3279319487671, -5.17562354235593], [-37.3279440893659, -5.17563576404854], [-37.3279561720745, -5.17564804888759], [-37.3279682005055, -5.17566039507398], [-37.3279801692378, -5.17567280621056], [-37.3279920800752, -5.17568528230211], [-37.3280039330178, -5.17569782334857], [-37.328015728056, -5.1757104329671], [-37.3280274615868, -5.17572310933955], [-37.3280382918049, -5.17573493149921], [-37.3280490659462, -5.17574681319296], [-37.3280597803934, -5.1757587580284], [-37.3280704333474, -5.17577076419219], [-37.328081019387, -5.17578283528714], [-37.3280915349093, -5.17579496949521], [-37.3281019781007, -5.17580717042871], [-37.328112343545, -5.1758194398819], [-37.3281226276437, -5.17583177422815], [-37.3281328285789, -5.17584417888835], [-37.3281429409388, -5.17585665384821], [-37.3281529629148, -5.17586920091153], [-37.3281628891, -5.17588181825544], [-37.3281727176809, -5.17589450949231], [-37.3281824432412, -5.17590727641636], [-37.3281920621826, -5.17592011540101], [-37.3282015726822, -5.17593303367565], [-37.3282109711418, -5.1759460276137], [-37.3282202503362, -5.17595910081318], [-37.3282294120694, -5.17597225327887], [-37.3282384491257, -5.1759854849917], [-37.3282473596919, -5.17599879956399], [-37.3282561383562, -5.17601219698148], [-37.3282647833148, -5.17602567723943], [-37.3282732909551, -5.17603924213682], [-37.3282816558606, -5.17605289346791], [-37.3282898762276, -5.17606663122798], [-37.3282979466443, -5.1760804554027], [-37.3283058671013, -5.17609436960917], [-37.3283136303829, -5.17610837382837], [-37.3283212346805, -5.17612246986405], [-37.3283286745825, -5.17613665770194], [-37.3283371183158, -5.17615326441554], [-37.3283453524899, -5.17616998813187], [-37.3283533951722, -5.17618681804731], [-37.3283612590134, -5.17620374515251], [-37.3283689620763, -5.17622076045239], [-37.3283727585109, -5.17622929779801], [-37.3283765206243, -5.17623785313856], [-37.328380250225, -5.17624642467028], [-37.3283839491122, -5.17625501420643], [-37.3283876209032, -5.1762636181395], [-37.3283912656027, -5.17627223466094], [-37.3283948868185, -5.17628086378022], [-37.3283984845505, -5.17628950549742], [-37.3284020624162, -5.17629815620493], [-37.3284056240231, -5.17630681591231], [-37.3284091657684, -5.17631548280147], [-37.3284126966761, -5.17632415508767], [-37.3284162131339, -5.17633283456997], [-37.3284197205627, -5.17634151764555], [-37.3284232189675, -5.17635020250586], [-37.3284267119558, -5.17635888916043], [-37.3284301995279, -5.17636757760926], [-37.3284336871047, -5.17637626424957], [-37.3284371710786, -5.17638494907183], [-37.328440660469, -5.17639363209984], [-37.3284441498736, -5.17640230970223], [-37.3284476483121, -5.17641098190284], [-37.3284511539851, -5.17641964688832], [-37.3284546668928, -5.17642830465872], [-37.3284617342736, -5.17644559137242], [-37.3284688649096, -5.17646283303932], [-37.3284760732602, -5.17648001884626], [-37.3284833773882, -5.17649713979819], [-37.3284907935522, -5.17651418689522], [-37.3284983362118, -5.17653114932427], [-37.328506023425, -5.17654801989873], [-37.3285138678522, -5.17656478599218], [-37.3285218893553, -5.17658144042283], [-37.3285301005898, -5.17659797237279], [-37.3285385196186, -5.17661437284694], [-37.3285471627003, -5.17663063284544], [-37.3285560442945, -5.17664674155513], [-37.32856518066, -5.17666268997622], [-37.3285745898596, -5.17667846911352], [-37.3285836719447, -5.17669310619081], [-37.3285929997628, -5.17670759018973], [-37.3286025697107, -5.1767219192923], [-37.328612374554, -5.17673610071359], [-37.3286224070771, -5.17675013443453], [-37.3286326636627, -5.1767640240627], [-37.3286431370906, -5.17677777138754], [-37.3286538237482, -5.17679137820812], [-37.3286647145971, -5.17680485173473], [-37.3286758042352, -5.17681818833603], [-37.3286870872318, -5.17683139523185], [-37.3286985581752, -5.17684447240798], [-37.3287102116396, -5.17685742527565], [-37.3287220422133, -5.17687025382058], [-37.3287340408673, -5.1768829616361], [-37.3287462021852, -5.1768955505164], [-37.3287585243537, -5.17690802407383], [-37.32877099654, -5.17692038589686], [-37.3287836151362, -5.17693263597599], [-37.3287963747165, -5.17694477972254], [-37.3288092698644, -5.17695681893071], [-37.3288222915605, -5.17696875357677], [-37.328835436178, -5.17698059088526], [-37.3288486983101, -5.17699232903344], [-37.328862068923, -5.17700397342304], [-37.3288755462081, -5.17701552585789], [-37.3288891211365, -5.17702698993123], [-37.3289027900955, -5.17703836744208], [-37.328916545865, -5.17704966017993], [-37.3289303812199, -5.17706087174281], [-37.3289442943515, -5.17707200393447], [-37.328958274427, -5.17708306034346], [-37.3289669801839, -5.1770898834785], [-37.3289757094628, -5.17709667954725], [-37.3289844586465, -5.1771034521573], [-37.3289932259357, -5.17711019949533], [-37.3290020095124, -5.17711692698221], [-37.3290108093813, -5.17712363280936], [-37.3290196201164, -5.17713032238814], [-37.3290284435265, -5.17713699391482], [-37.3290372741856, -5.17714365280069], [-37.3290461120984, -5.17715029723719], [-37.3290549554516, -5.17715693083667], [-37.3290638024413, -5.1771635535944], [-37.329072651254, -5.17717016912263], [-37.3290814982773, -5.17717677922043], [-37.3290991833431, -5.17718998492367], [-37.3291080177635, -5.17719658594525], [-37.3291168431599, -5.1772031887515], [-37.3291256577332, -5.1772097915291], [-37.3291344614691, -5.17721639970372], [-37.3291432489607, -5.17722301145249], [-37.3291520219976, -5.17722963220582], [-37.329160776972, -5.17723626195419], [-37.3291695102715, -5.17724290249661], [-37.3291782236999, -5.17724955383783], [-37.3291869118313, -5.17725622138922], [-37.3291955764744, -5.17726290334701], [-37.329204210404, -5.17726960330919], [-37.3292128172279, -5.1772763212853], [-37.3292213915251, -5.17728306087817], [-37.3292299332907, -5.17728982389632], [-37.3292384389169, -5.17729661033022], [-37.3292469065904, -5.17730342379222], [-37.3292553363112, -5.17731026428226], [-37.3292637244667, -5.17731713359945], [-37.3292720692483, -5.17732403354753], [-37.3292803688473, -5.17733096593028], [-37.3292886214505, -5.17733793436], [-37.3292968270577, -5.17734493883673], [-37.3293049802572, -5.17735197934618], [-37.3293130810397, -5.17735905950543], [-37.3293211275917, -5.1773661829268], [-37.3293291163101, -5.17737334779226], [-37.3293370471856, -5.17738055771883], [-37.3293449184141, -5.1773878127018], [-37.3293527263784, -5.17739511634873], [-37.3293604710737, -5.17740247046814], [-37.3293681488924, -5.17740987505052], [-37.3293757598295, -5.17741733190445], [-37.3293832984592, -5.17742484644121], [-37.329390766595, -5.17743241504856], [-37.3293981606194, -5.17744004133398], [-37.3294054787191, -5.17744772890983], [-37.329412719095, -5.17745547596284], [-37.329419879929, -5.17746328791384], [-37.3294269594171, -5.17747116475806], [-37.3294339557506, -5.17747910829932], [-37.3294408653172, -5.17748712033664], [-37.3294476881167, -5.17749520086998], [-37.3294544223357, -5.17750335351171], [-37.3294610643618, -5.17751158006084], [-37.3294676141902, -5.17751988232592], [-37.3294740682131, -5.1775282602974], [-37.3294804246171, -5.17753671758763], [-37.3294867517079, -5.17754534661308], [-37.3294929775674, -5.17755405675629], [-37.329499104004, -5.17756284621345], [-37.3295051328218, -5.17757171498943], [-37.3295110622262, -5.17758065946231], [-37.3295168958298, -5.17758967783308], [-37.3295226318241, -5.1775987719055], [-37.3295282720223, -5.17760793806732], [-37.3295338182331, -5.17761717451471], [-37.3295392704565, -5.17762648124771], [-37.3295446305011, -5.17763585646249], [-37.3295498965678, -5.17764529834577], [-37.3295550722596, -5.17765480871561], [-37.3295601557869, -5.17766438214163], [-37.3295651507622, -5.17767401682486], [-37.329570055372, -5.17768371637755], [-37.3295748732385, -5.17769347538361], [-37.3295796025625, -5.17770329202979], [-37.3295842451383, -5.17771316993787], [-37.3295888009849, -5.17772310187374], [-37.3295932719016, -5.17773308965067], [-37.3295976596969, -5.17774313146488], [-37.3296019625717, -5.17775322550311], [-37.3296061841384, -5.17776336996627], [-37.3296103225885, -5.17777356665821], [-37.3296143797401, -5.17778381015801], [-37.3296183555885, -5.17779410227427], [-37.3296222519517, -5.17780443758606], [-37.3296260706242, -5.17781481971528], [-37.3296298116154, -5.17782524504486], [-37.3296334731263, -5.17783571176141], [-37.3296370605732, -5.17784621807077], [-37.3296405721474, -5.17785676577665], [-37.3296440060594, -5.1778673494487], [-37.3296473695199, -5.17787797091451], [-37.3296506571268, -5.17788862654268], [-37.3296538724878, -5.17789931634278], [-37.3296570174116, -5.177910038511], [-37.3296600900943, -5.17792079304256], [-37.3296630941531, -5.17793157632994], [-37.3296660277795, -5.1779423901769], [-37.3296688927915, -5.17795322916258], [-37.329671690993, -5.17796409329173], [-37.3296744223793, -5.17797498437291], [-37.3296770869646, -5.17798589698047], [-37.3296796847442, -5.17799683292299], [-37.3296822193354, -5.17800778859287], [-37.3296846907428, -5.17801876218157], [-37.3296870989618, -5.17802975549768], [-37.3296894440018, -5.17804076492407], [-37.3296917294754, -5.17805178866172], [-37.3296939517747, -5.17806282670113], [-37.3296961163162, -5.17807387724803], [-37.3296982212961, -5.17808494029763], [-37.3297002685276, -5.17809601223768], [-37.3297022580108, -5.17810709306811], [-37.3297041915543, -5.17811818098517], [-37.329706067359, -5.17812927417555], [-37.3297078908365, -5.17814037265354], [-37.3297096583886, -5.17815147279251], [-37.3297113718144, -5.17816257640579], [-37.3297130329272, -5.17817367988106], [-37.329714643531, -5.17818478322307], [-37.3297162018267, -5.17819588461848], [-37.329718162499, -5.1782103817304], [-37.3297200347995, -5.17822487137496], [-37.3297218169195, -5.17823935535587], [-37.3297235052607, -5.17825383004662], [-37.3297250998184, -5.1782682972557], [-37.3297265969895, -5.17828275516506], [-37.3297279949749, -5.17829720196137], [-37.329729291966, -5.17831163944846], [-37.3297304861634, -5.17832606581301], [-37.3297315721605, -5.1783404792322], [-37.3297325517562, -5.1783548815193], [-37.3297334213522, -5.17836926904771], [-37.3297341755322, -5.17838364361174], [-37.3297348161048, -5.17839800340755], [-37.329735341266, -5.17841234843041], [-37.3297357456089, -5.17842667685748], [-37.3297360273297, -5.17844098868403], [-37.329736186433, -5.17845528210147], [-37.3297362174977, -5.17846956071261], [-37.3297361223419, -5.17848381909663], [-37.3297358955538, -5.1784980572392], [-37.329735535325, -5.1785122769441], [-37.32973504166, -5.17852647640282], [-37.329734409152, -5.1785406537925], [-37.3297336378009, -5.17855480911315], [-37.3297327240037, -5.1785689405467], [-37.3297316659471, -5.17858305170546], [-37.3297304618412, -5.17859713715909], [-37.3297291080736, -5.17861119870657], [-37.3297276046491, -5.17862523453935], [-37.3297259479597, -5.1786392446479], [-37.3297241362017, -5.17865322902749], [-37.329722466995, -5.17866513575534], [-37.3297206841949, -5.17867702228937], [-37.3297187896007, -5.17868889044279], [-37.3297167868201, -5.17870074022517], [-37.3297146776571, -5.17871257164123], [-37.3297124603124, -5.17872438287769], [-37.3297101401882, -5.17873617756595], [-37.3297077172846, -5.17874795570593], [-37.3297051952188, -5.17875971369012], [-37.3297025739766, -5.17877145694409], [-37.3296998571752, -5.17878318186032], [-37.3296970430013, -5.17879489205114], [-37.3296941368713, -5.17880658572223], [-37.3296911405891, -5.17881826287837], [-37.32968805415, -5.17882992532813], [-37.3296848775538, -5.17884157307149], [-37.329681618021, -5.17885320431894], [-37.3296782719343, -5.17886482267803], [-37.3296748447148, -5.178876424546], [-37.329671336353, -5.17888801353986], [-37.3296677504568, -5.17889958966919], [-37.3296640852222, -5.17891115292919], [-37.3296603460657, -5.17892270152562], [-37.3296565329778, -5.17893423907554], [-37.3296526495756, -5.17894576197139], [-37.3296486958452, -5.17895727563883], [-37.3296446736044, -5.17896877465694], [-37.329640584643, -5.17898026445611], [-37.3296364307697, -5.17899174323259], [-37.3296322155969, -5.17900320918733], [-37.3296279391152, -5.17901466593743], [-37.3296236031332, -5.1790261116791], [-37.32961920945, -5.17903754822562], [-37.3296147598696, -5.17904897558178], [-37.3296102580045, -5.17906039194852], [-37.3296057038452, -5.17907180094297], [-37.3296010973964, -5.17908320075655], [-37.3295964458737, -5.17909459140831], [-37.3295917456599, -5.17910597650582], [-37.3295870021808, -5.17911735063771], [-37.3295822136183, -5.17912871922488], [-37.3295773853889, -5.17914008047303], [-37.3295725174925, -5.17915143438218], [-37.3295676117283, -5.17916278276564], [-37.329562669905, -5.17917412381961], [-37.3295576938216, -5.17918545935739], [-37.3295526852774, -5.1791967911923], [-37.3295476478896, -5.17920811571677], [-37.3295425816535, -5.17921943473932], [-37.3295374865643, -5.1792307500685], [-37.3295323680337, -5.17924206171863], [-37.3295272260664, -5.17925336788113], [-37.3295220624569, -5.17926467217783], [-37.3295168790186, -5.17927597099643], [-37.3295116775458, -5.17928726795878], [-37.3295064598472, -5.17929856126108], [-37.3295012277172, -5.1793098545252], [-37.3294959829739, -5.17932114233027], [-37.3294907292109, -5.17933243011138], [-37.3294854646291, -5.17934371605531], [-37.3294801928314, -5.17935500198008], [-37.3294749156312, -5.17936628427338], [-37.3294643540099, -5.17938885064912], [-37.3304984607471, -5.17877809077062], [-37.3328535113808, -5.17738714962318], [-37.3334901035362, -5.17701116184972], [-37.3397104334886, -5.17284186374851], [-37.3380378038798, -5.17005290769566], [-37.3384573396058, -5.16981097097474], [-37.3377591621046, -5.16869934812727], [-37.3373338606901, -5.16790014062936], [-37.3343692239421, -5.16114658783147], [-37.3342137994252, -5.16121854060394], [-37.3309094770618, -5.15627528475896], [-37.3159775468018, -5.16631371377263], [-37.3159879686526, -5.16631471985603], [-37.3160271100157, -5.16631904488248], [-37.3160662031431, -5.1663238761703], [-37.3161052462833, -5.16632919382088], [-37.3161442376806, -5.16633497974422], [-37.3161831755692, -5.16634121946734], [-37.316222056394, -5.16634789308685], [-37.3162608802078, -5.16635498070901], [-37.3162996416371, -5.16636246785123], [-37.3163383407346, -5.16637033461974], [-37.3163769757441, -5.16637856292448], [-37.3164155431012, -5.16638713647913], [-37.3164540410544, -5.16639603538518], [-37.3164924678381, -5.16640524516956], [-37.3165308199021, -5.16641474412044], [-37.3165690972893, -5.16642451596104], [-37.3166072964397, -5.16643454259654], [-37.3166735786657, -5.16645255611396], [-37.3167396354301, -5.16647124723077], [-37.3168054812595, -5.16649057981478], [-37.3168711306946, -5.16651051230824], [-37.3169366000656, -5.16653100858371], [-37.3170019075208, -5.16655202709303], [-37.3170670657924, -5.16657352808204], [-37.3171320930095, -5.16659547723667], [-37.3171831663133, -5.16661303801955], [-37.3172341559139, -5.16663087528422], [-37.3172850473376, -5.16664900526918], [-37.3173358296896, -5.16666745507377], [-37.3173864902955, -5.1666862427498], [-37.3174370128538, -5.16670539357371], [-37.3174873882928, -5.16672492741545], [-37.3175376039284, -5.16674486594397], [-37.3175876452629, -5.16676523444051], [-37.3176375014258, -5.1667860509617], [-37.3176871579194, -5.16680734078878], [-37.3177366038729, -5.1668291219784], [-37.3177858247841, -5.16685142162041], [-37.3178348115813, -5.16687425958471], [-37.3178835461736, -5.16689765571748], [-37.3179320194797, -5.16692163350574], [-37.3179674918244, -5.1669396538408], [-37.3180028027463, -5.16695800832704], [-37.3180379395947, -5.16697670597363], [-37.3180728897091, -5.1669957594069], [-37.3181076386445, -5.16701517401416], [-37.3181421737454, -5.16703496061324], [-37.3181764823609, -5.16705512821328], [-37.3182105536489, -5.16707568401987], [-37.3182443713508, -5.16709663703256], [-37.3182779246102, -5.1671179998825], [-37.3183111989868, -5.16713977614852], [-37.318344183624, -5.1671619784617], [-37.318376864072, -5.16718461401797], [-37.3184092276752, -5.16720769363509], [-37.3184412617874, -5.16723122451378], [-37.3184729519542, -5.16725521565852], [-37.3185153094012, -5.16728839535305], [-37.318557181756, -5.16732220494208], [-37.3185987391769, -5.16735641880878], [-37.3186401482288, -5.16739080590109], [-37.3186815754717, -5.16742513697545], [-37.3187231892651, -5.16745918460158], [-37.3187651561689, -5.16749271953582], [-37.3188076463557, -5.16752551073548], [-37.3188423677799, -5.16755127685241], [-37.3188775002127, -5.16757646351501], [-37.3189130074244, -5.16760112850057], [-37.3189488532092, -5.16762532054379], [-37.3189850013373, -5.16764909742194], [-37.3190214155982, -5.16767250967826], [-37.3190580597671, -5.16769561328158], [-37.3190948958294, -5.16771845877031], [-37.3191318875602, -5.16774110211332], [-37.3191690023567, -5.16776359386339], [-37.3192061985825, -5.16778598997508], [-37.3192434436298, -5.1678083428097], [-37.3192806994747, -5.16783070652285], [-37.3193179299018, -5.16785313346633], [-37.319355098691, -5.16787567780053], [-37.3193921696271, -5.16789839187728], [-37.3194377795785, -5.16792676942856], [-37.3194831033957, -5.16795557484475], [-37.3195280542648, -5.16798489470609], [-37.319572554396, -5.16801481380817], [-37.3196165169706, -5.16804542053975], [-37.3196598623997, -5.16807679788317], [-37.3197025074724, -5.16810903423683], [-37.3197443689872, -5.16814221438203], [-37.3198032122849, -5.1681917616316], [-37.3198604830983, -5.16824318017397], [-37.3199164058109, -5.1682962029393], [-37.3199712048109, -5.16835056104916], [-37.3200251062809, -5.16840598924693], [-37.3200783346045, -5.16846222046252], [-37.3201311123709, -5.16851898400393], [-37.320183665758, -5.16857601642279], [-37.3201961440581, -5.16859072401099], [-37.3202086169377, -5.16860543520186], [-37.3202210843967, -5.16862014999538], [-37.3202335392054, -5.16863487379806], [-37.3202459795648, -5.1686496047966], [-37.3202584018479, -5.16866435021553], [-37.3202708006433, -5.16867911004057], [-37.3202831741424, -5.16869388607545], [-37.3202955187231, -5.16870868373621], [-37.3203078289786, -5.16872350119998], [-37.3203201030908, -5.16873834388759], [-37.3203323374471, -5.16875321359805], [-37.3203445248227, -5.16876811392927], [-37.3203566670213, -5.16878304488604], [-37.3203687550141, -5.16879801006155], [-37.3203807887916, -5.16881301307285], [-37.3203927629423, -5.16882805390566], [-37.3204046756479, -5.16884313798074], [-37.320416519693, -5.16885826527899], [-37.3204282950681, -5.16887343941755], [-37.3204399945483, -5.16888866399427], [-37.3204516181334, -5.16890393900924], [-37.3204631604072, -5.16891926625661], [-37.320474615939, -5.16893465295624], [-37.3204859847336, -5.16895009729954], [-37.320497259566, -5.16896560288449], [-37.3205084386276, -5.16898117151488], [-37.3205195183011, -5.16899680679814], [-37.3205304931654, -5.16901251233714], [-37.3205413614167, -5.16902828812697], [-37.3205521194424, -5.16904413596668], [-37.3205627618166, -5.16906006126755], [-37.32056960004, -5.16907042787567], [-37.3205763876697, -5.16908082690363], [-37.3205831283135, -5.16909125836092], [-37.3205898201723, -5.16910172043431], [-37.3205964668538, -5.16911221313331], [-37.3206030665493, -5.1691227382617], [-37.320609621077, -5.16913329039864], [-37.3206161304275, -5.16914387316121], [-37.3206225964045, -5.16915448655419], [-37.3206290190223, -5.16916512515197], [-37.3206353982714, -5.1691757925716], [-37.3206417377643, -5.16918648701417], [-37.3206480338932, -5.16919720847006], [-37.3206542920698, -5.16920795695362], [-37.3206605086911, -5.16921873064677], [-37.3206666891734, -5.1692295277553], [-37.3206728280956, -5.16924035188196], [-37.3206789326875, -5.16925119762025], [-37.3206849993318, -5.16926206857767], [-37.3206910298371, -5.1692729629505], [-37.320697026012, -5.16928387893499], [-37.3207029878565, -5.16929481653108], [-37.3207089153707, -5.16930577573879], [-37.3207148103632, -5.16931675475441], [-37.3207206728291, -5.16932775538644], [-37.3207265045772, -5.16933877583112], [-37.3207323056074, -5.16934981608847], [-37.3207380759245, -5.16936087434993], [-37.3207438173323, -5.16937195062031], [-37.3207495298309, -5.16938304489958], [-37.320755215224, -5.16939415719256], [-37.3207608717126, -5.16940528568588], [-37.3207665047131, -5.1694164285854], [-37.3207721088043, -5.1694275894938], [-37.3207776912113, -5.16943876481317], [-37.3207832465223, -5.16944995452913], [-37.3207887801538, -5.16946115684752], [-37.3207942902971, -5.1694723735721], [-37.32079978056, -5.16948360471239], [-37.3208052473443, -5.1694948466418], [-37.3208106942529, -5.16950610117839], [-37.3208161212905, -5.16951736651367], [-37.3208215302611, -5.16952864265236], [-37.3208269193608, -5.16953992958973], [-37.3208322921973, -5.16955122733531], [-37.3208376469763, -5.16956253226725], [-37.320842985492, -5.16957384800742], [-37.3208483095628, -5.169585169135], [-37.3208536191741, -5.16959650107556], [-37.3208589143405, -5.16960783840352], [-37.3208641968608, -5.16961918293219], [-37.32086946674, -5.16963053285302], [-37.3208747239733, -5.16964188997456], [-37.320879970374, -5.16965325068454], [-37.3208852077412, -5.16966461679621], [-37.3208904342806, -5.1696759846878], [-37.3208956535904, -5.16968735798587], [-37.3209008620677, -5.16969873487237], [-37.3209060651287, -5.16971011355306], [-37.3209112627783, -5.16972149221948], [-37.320916453203, -5.16973287448386], [-37.3209216364124, -5.16974425672912], [-37.3209268178133, -5.16975564077817], [-37.3209319956114, -5.16976702300913], [-37.3209382727875, -5.16978083341144], [-37.3209445463609, -5.1697946419957], [-37.3209570862975, -5.16982225733666], [-37.3209821391817, -5.16987746262767], [-37.3209946611535, -5.16990505079309], [-37.3210009239531, -5.16991884126354], [-37.3210071867576, -5.16993262992547], [-37.3210134531843, -5.16994641317139], [-37.321019719616, -5.16996019460881], [-37.3210259896652, -5.1699739724387], [-37.3210322633365, -5.16998774485258], [-37.3210385406206, -5.1700015154675], [-37.3210448215221, -5.17001528247496], [-37.3210511078496, -5.17002904407112], [-37.3210573996033, -5.17004280025606], [-37.3210636967735, -5.1700565546468], [-37.3210700011784, -5.17007030182257], [-37.3210763128085, -5.17008404540037], [-37.3210826298598, -5.17009778537547], [-37.3210889559498, -5.17011151814032], [-37.3210952892697, -5.17012524549872], [-37.3211016316187, -5.17013896926394], [-37.32110798481, -5.17015268582374], [-37.3211143470352, -5.1701663969818], [-37.3211207182942, -5.1701801027382], [-37.3211271021995, -5.17019380129391], [-37.3211334969425, -5.17020749445269], [-37.3211399025279, -5.170221180406], [-37.3211463225635, -5.17023485916346], [-37.3211527534367, -5.17024853252399], [-37.3211591987602, -5.17026219868859], [-37.3211656585338, -5.17027585765731], [-37.3211721327623, -5.17028950762158], [-37.3211786196323, -5.17030315219371], [-37.3211851245651, -5.170316787771], [-37.321191643948, -5.17033041615233], [-37.3211981813935, -5.17034403553882], [-37.3212047350931, -5.17035764773417], [-37.3212113050515, -5.17037125092988], [-37.3212178948717, -5.17038484694398], [-37.3212245009507, -5.17039843395845], [-37.321231126901, -5.17041201017429], [-37.321237772713, -5.17042557920853], [-37.3212444383916, -5.17043913925268], [-37.3212511257454, -5.17045268850295], [-37.3212578329657, -5.17046622876315], [-37.3212645618564, -5.17047976003799], [-37.3212713124223, -5.17049328051896], [-37.3212780864624, -5.17050679201939], [-37.3212848821778, -5.17052029272594], [-37.321291703176, -5.1705337826482], [-37.3212985476533, -5.17054726178137], [-37.3213054156048, -5.17056073193397], [-37.3213123106479, -5.17057418949853], [-37.3213192291701, -5.17058763627396], [-37.321326174779, -5.17060107226987], [-37.3213331474747, -5.17061449748626], [-37.321340147262, -5.17062791011454], [-37.321347174136, -5.17064131196331], [-37.3213578036102, -5.17066146380334], [-37.3213684890618, -5.17068159408905], [-37.321379219663, -5.17070170460036], [-37.3213899899927, -5.17072179893997], [-37.3214007874142, -5.17074188069151], [-37.3214116064969, -5.17076195707479], [-37.3214332699514, -5.17080209724856], [-37.3214440980599, -5.17082217184727], [-37.3214549135275, -5.17084225183819], [-37.3214657037082, -5.17086234442198], [-37.3214764631856, -5.17088245139287], [-37.3214871829308, -5.17090257634402], [-37.3214978521064, -5.1709227246724], [-37.321508465296, -5.17094289817221], [-37.3215190116621, -5.17096310224041], [-37.3215294821758, -5.17098334047015], [-37.3215398714208, -5.17100361465567], [-37.321550166751, -5.17102393199764], [-37.321560360946, -5.17104429428552], [-37.3215704467809, -5.17106470511726], [-37.3215804134231, -5.17108516808127], [-37.3215902536473, -5.17110568677552], [-37.3215999584201, -5.17112626660173], [-37.3216095187126, -5.17114691115307], [-37.3216189254958, -5.17116762402277], [-37.3216281715495, -5.17118840700022], [-37.3216372460315, -5.17120926729094], [-37.3216461435301, -5.17123020488056], [-37.3216548513993, -5.17125122696982], [-37.3216633642225, -5.17127233535289], [-37.3216716729709, -5.171293533623], [-37.3216777175612, -5.17130936355792], [-37.3216836519871, -5.17132524203192], [-37.3216894870862, -5.17134116364807], [-37.3216952300786, -5.17135712661694], [-37.3217008918068, -5.17137312373308], [-37.3217064794907, -5.17138915320701], [-37.3217120021642, -5.17140520963704], [-37.321717468856, -5.17142128942999], [-37.3217228903989, -5.1714373889974], [-37.3217282740226, -5.17145350293284], [-37.3217336305552, -5.17146962945641], [-37.3217389654272, -5.1714857613483], [-37.3217496135156, -5.17151802869194], [-37.321754942986, -5.17153415695253], [-37.321760290519, -5.17155027621823], [-37.3217656615405, -5.17156638107783], [-37.3217710686872, -5.17158246794763], [-37.321776517385, -5.17159853141636], [-37.321782018457, -5.17161457151273], [-37.3217875809464, -5.17163057921791], [-37.3217932120735, -5.17164655274247], [-37.3217989244749, -5.17166248850282], [-37.3218047235764, -5.1716783810876], [-37.321810618407, -5.17169422690371], [-37.3218166216033, -5.17171002236747], [-37.3218227385911, -5.17172576206763], [-37.3218289783993, -5.17174144241098], [-37.3218353518608, -5.17175705980912], [-37.3218418662004, -5.17177261066409], [-37.3218485322558, -5.17178808957892], [-37.3218553554481, -5.17180349295092], [-37.3218636326995, -5.17182158586462], [-37.3218721339121, -5.1718395726671], [-37.3218808518656, -5.17185745514783], [-37.3218897793254, -5.17187524052179], [-37.321898905459, -5.17189293237737], [-37.3219082194382, -5.17191053249449], [-37.3219177140238, -5.17192804989667], [-37.3219273801966, -5.17194548456006], [-37.321937208918, -5.17196284369487], [-37.3219471893602, -5.17198012908103], [-37.3219573142886, -5.17199734793354], [-37.3219675746792, -5.172014502037], [-37.3219779596944, -5.17203159678841], [-37.3219884603006, -5.1720486375895], [-37.3219990692776, -5.17206562622964], [-37.322009775783, -5.17208256991435], [-37.3220205725968, -5.17209947043302], [-37.3220314470728, -5.17211633498639], [-37.3220423937945, -5.17213316536866], [-37.3220534019292, -5.1721499651682], [-37.3220644606348, -5.17216674159054], [-37.3220755644899, -5.17218349823836], [-37.322086702662, -5.17220023870012], [-37.3220978643183, -5.17221696656423], [-37.3221090422242, -5.17223368904568], [-37.3221202255564, -5.17225040611585], [-37.3221314088845, -5.17226712499454], [-37.3221425795669, -5.17228385107391], [-37.3221537285795, -5.17230058613866], [-37.3221648486926, -5.17231733559521], [-37.3221759290735, -5.17233410303206], [-37.3221869624875, -5.17235089566419], [-37.322197974046, -5.17236776781451], [-37.3222089350299, -5.17238466515056], [-37.3222198472527, -5.17240158406007], [-37.3222307179393, -5.17241852094507], [-37.3222415488936, -5.17243547581036], [-37.3222523455415, -5.17245244324461], [-37.3222631132947, -5.17246942326222], [-37.3222738575837, -5.17248640864332], [-37.3222845838202, -5.17250339940227], [-37.3222952938128, -5.1725203937353], [-37.322316693976, -5.17255437511465], [-37.3223273913715, -5.17257135856304], [-37.3223380924039, -5.17258833116976], [-37.3223488042885, -5.17260529295395], [-37.3223595306427, -5.17262224030802], [-37.3223702768876, -5.1726391696293], [-37.3223810484396, -5.17265607912354], [-37.3223918489159, -5.17267296518326], [-37.3224026819339, -5.17268982420092], [-37.3224135547137, -5.17270665438704], [-37.3224244708679, -5.17272345394271], [-37.3224354358177, -5.17274021926515], [-37.3224464531802, -5.17275694674684], [-37.3224575283767, -5.17277363278505], [-37.3224686686226, -5.17279027739885], [-37.3224798739275, -5.17280687697122], [-37.322491153325, -5.17282342610038], [-37.322502510423, -5.1728399247959], [-37.3225139506423, -5.17285636945502], [-37.3225254757967, -5.17287275646548], [-37.3225370949101, -5.17288908404257], [-37.3225471005149, -5.17290298932074], [-37.3225571765855, -5.1729168513803], [-37.3225673231361, -5.17293066479565], [-37.3225775383533, -5.17294443317904], [-37.3225878222419, -5.172958154722], [-37.3225981748018, -5.17297182942447], [-37.3226085942246, -5.17298545909023], [-37.3226190805196, -5.17299904010221], [-37.3226296336821, -5.17301257426895], [-37.3226402519084, -5.17302606158565], [-37.3226509370021, -5.1730395020571], [-37.3226616871595, -5.17305289567849], [-37.3226725005815, -5.17306624063656], [-37.3226833790719, -5.17307953693604], [-37.3226943208221, -5.17309278638074], [-37.3227053240331, -5.17310598715726], [-37.3227163905038, -5.17311914107898], [-37.32272751844, -5.17313224452402], [-37.3227387078322, -5.17314530110946], [-37.3227499586851, -5.17315830902677], [-37.3227612691995, -5.17317126646262], [-37.32277264117, -5.17318417703886], [-37.3227840691942, -5.17319703712408], [-37.3227955586793, -5.17320984854116], [-37.3228071060221, -5.17322260947199], [-37.3228187094139, -5.17323532172034], [-37.3228303706636, -5.17324798348245], [-37.3228420897709, -5.17326059475829], [-37.3228538631188, -5.17327315915541], [-37.3228656925301, -5.17328566944445], [-37.3228775779905, -5.17329813105098], [-37.3228895177009, -5.17331054216169], [-37.3229015116613, -5.1733229027766], [-37.3229135580679, -5.17333521289091], [-37.3229256587293, -5.17334747070087], [-37.3229378100329, -5.17335967800547], [-37.3229500155866, -5.17337183481424], [-37.3229622717873, -5.17338393930908], [-37.3229745786351, -5.17339599149002], [-37.3229869361251, -5.17340799316557], [-37.3229993424583, -5.17341994252242], [-37.3230117994386, -5.17343183956538], [-37.323024305262, -5.17344368428962], [-37.32303685812, -5.17345547849889], [-37.3230494598259, -5.17346721858095], [-37.3230621085712, -5.17347890633951], [-37.3230748043605, -5.17349053996608], [-37.3230875453805, -5.1735021230729], [-37.3231003334493, -5.17351365023915], [-37.3231131667488, -5.17352512688565], [-37.3231260434894, -5.17353654758208], [-37.3231389654654, -5.17354791595019], [-37.323151930873, -5.17355923198528], [-37.3231649397217, -5.17357049207022], [-37.3231779902028, -5.17358169800879], [-37.3231910823116, -5.17359285160954], [-37.3232042178615, -5.17360394926015], [-37.32321739324, -5.1736149927596], [-37.323230610251, -5.17362598211268], [-37.3232438652914, -5.17363691550127], [-37.3232571619643, -5.1736477947435], [-37.3232704966619, -5.17365861982978], [-37.323283869389, -5.17366938895159], [-37.3232972801455, -5.17368010210892], [-37.3233113049764, -5.17369121477175], [-37.3233253696502, -5.1737022678578], [-37.323339474167, -5.17371326136702], [-37.3233536185171, -5.17372419891652], [-37.3233678009014, -5.173735078693], [-37.3233820213153, -5.17374590250496], [-37.3233962815579, -5.17375667216571], [-37.323410578026, -5.17376738585719], [-37.3234249107103, -5.17377804719645], [-37.3234392814098, -5.17378865799676], [-37.3234536883302, -5.17379921463633], [-37.3234681296533, -5.17380972253597], [-37.3234826071877, -5.17382017989191], [-37.3234971191249, -5.17383058850792], [-37.32351166546, -5.17384095019253], [-37.3235262461979, -5.17385126313716], [-37.3235408613241, -5.17386153276747], [-37.3235555072406, -5.17387175545682], [-37.3235701875455, -5.17388193483183], [-37.3235848986359, -5.1738920690744], [-37.323599642306, -5.17390216180638], [-37.3236144167521, -5.173912213023], [-37.3236292201655, -5.173922224528], [-37.3236440561539, -5.17393219633095], [-37.3236589211095, -5.1739421284223], [-37.3236738168316, -5.17395202261533], [-37.3236887397123, -5.17396187890051], [-37.323703691546, -5.17397170089969], [-37.3237186705336, -5.17398148679953], [-37.323733678479, -5.1739912366048], [-37.323748713564, -5.17400095573637], [-37.3237637739942, -5.1740106405724], [-37.32377713634, -5.17401919238119], [-37.323790518605, -5.17402771530573], [-37.3238039244018, -5.17403620754705], [-37.3238173555484, -5.1740446636843], [-37.3238308084372, -5.17405308370791], [-37.323844290298, -5.17406146221143], [-37.3238577975276, -5.17406979737675], [-37.3238713319444, -5.17407808378298], [-37.323884897156, -5.17408632143972], [-37.3238984913728, -5.17409450491659], [-37.3239121182122, -5.17410263060602], [-37.3239257776788, -5.1741106966995], [-37.3239394697823, -5.17411869957995], [-37.3239531963312, -5.17412663744359], [-37.3239669591484, -5.17413450306108], [-37.323980758234, -5.17414229643239], [-37.3239945954013, -5.17415001394521], [-37.3240084706599, -5.17415765198248], [-37.3240223876222, -5.17416520874521], [-37.3240363426949, -5.17417267879823], [-37.3240503430981, -5.1741800603521], [-37.3240643852384, -5.17418734797166], [-37.3240784709197, -5.1741945416617], [-37.324092603764, -5.17420163600611], [-37.3241067819721, -5.17420862919158], [-37.3241210073575, -5.17421551760582], [-37.3241352817336, -5.17422229763655], [-37.3241496051098, -5.17422896566667], [-37.3241639792949, -5.1742355198924], [-37.3241784061069, -5.17424195489292], [-37.3241928855459, -5.1742482706682], [-37.3242074194347, -5.1742544599889], [-37.3242199391399, -5.17425967459916], [-37.324232500582, -5.17426479527512], [-37.3242450983399, -5.17426982561955], [-37.3242577342128, -5.1742747674457], [-37.3242704082053, -5.17427961894508], [-37.3242831148915, -5.17428438552897], [-37.3242958578841, -5.17428906539835], [-37.3243086335656, -5.17429366216077], [-37.3243214401274, -5.17429817761998], [-37.3243342793735, -5.17430261178076], [-37.3243471494952, -5.17430696644687], [-37.3243600468799, -5.17431124341728], [-37.3243729733315, -5.17431544269678], [-37.3243859270367, -5.17431956789764], [-37.3243989061916, -5.17432361901514], [-37.3244119089827, -5.17432759966152], [-37.3244249372187, -5.17433150803303], [-37.3244379890862, -5.17433534774198], [-37.3244510609726, -5.17433912058736], [-37.3244641546867, -5.17434282476539], [-37.3244772684055, -5.17434646750546], [-37.3244904003346, -5.1743500451857], [-37.3245035486654, -5.17435355960989], [-37.3245167151875, -5.17435701620841], [-37.3245298963026, -5.17436041135463], [-37.3245430938004, -5.17436375047895], [-37.324556304073, -5.17436703357179], [-37.3245695253119, -5.17437026243694], [-37.324582759321, -5.17437343707917], [-37.3245960024828, -5.17437656110599], [-37.3246092547976, -5.17437963451743], [-37.3246225162604, -5.17438265912198], [-37.3246368631585, -5.17438587649462], [-37.3246512174151, -5.17438903962996], [-37.3246655808199, -5.17439215395837], [-37.3246799497697, -5.17439521766185], [-37.3246943260543, -5.17439823617068], [-37.3247087096688, -5.17440121129344], [-37.3247231006085, -5.17440414483866], [-37.3247374952657, -5.1744070367968], [-37.3247518972289, -5.17440989441155], [-37.3247663046992, -5.17441271586956], [-37.3247807158632, -5.17441550478321], [-37.3247951325199, -5.17441826296575], [-37.3248095528607, -5.17442099222095], [-37.3248239768761, -5.1744236961659], [-37.3248384045566, -5.17442637841766], [-37.3248528359069, -5.17442903716769], [-37.3248672691089, -5.17443167783684], [-37.3248817059617, -5.17443430223841], [-37.3248961446614, -5.17443691036763], [-37.3249105851937, -5.17443950765009], [-37.3249250257548, -5.17444209408107], [-37.324939469943, -5.17444467328713], [-37.3249539123417, -5.17444724706253], [-37.3249683565541, -5.17444981722532], [-37.3249828007667, -5.17445238738784], [-37.3249972449795, -5.17445495755005], [-37.3250116873743, -5.17445753313281], [-37.3250261297599, -5.17446011233235], [-37.325040570318, -5.17446270056952], [-37.3250550108478, -5.17446529965763], [-37.3250694459329, -5.17446791139087], [-37.3250838809802, -5.17447053759213], [-37.3251005030434, -5.17447358373342], [-37.3251171214422, -5.17447665156726], [-37.3251337361763, -5.17447974109359], [-37.3251503454421, -5.17448285230769], [-37.3251669546606, -5.17448598160676], [-37.3251835584107, -5.17448913259358], [-37.3252001603096, -5.17449230166062], [-37.3252167585487, -5.17449549061165], [-37.3252333549415, -5.17449869583434], [-37.3252499458753, -5.17450191912776], [-37.3252665367666, -5.1745051586976], [-37.3252831240077, -5.17450841453436], [-37.3252997094071, -5.17451168483425], [-37.3253162911563, -5.17451497140107], [-37.3253328710686, -5.17451827062252], [-37.3253494473354, -5.17452158430231], [-37.3253660235692, -5.17452491064152], [-37.3253825961623, -5.17452824963055], [-37.3253991669232, -5.17453159946568], [-37.3254157358473, -5.17453496195537], [-37.3254323029441, -5.17453833348265], [-37.3254488682135, -5.17454171404746], [-37.3254654316507, -5.17454510545833], [-37.3254819932654, -5.17454850409823], [-37.3254985530528, -5.17455191177566], [-37.3255151128214, -5.17455532668687], [-37.3255316689683, -5.17455874701375], [-37.3255482250965, -5.17456217457443], [-37.3255647812107, -5.17456560756035], [-37.3255813355119, -5.17456904415818], [-37.3255978879952, -5.1745724861765], [-37.3256144404693, -5.17457593181149], [-37.3256340236154, -5.17458001302372], [-37.3256536049486, -5.17458409784771], [-37.3256731880765, -5.17458818629306], [-37.3256927675876, -5.17459227834537], [-37.3257123470897, -5.17459637401426], [-37.3257319247787, -5.17460047329492], [-37.3257515024588, -5.17460457619216], [-37.3257710783258, -5.17460868270116], [-37.3257906541838, -5.17461279282669], [-37.3258102282336, -5.1746169047555], [-37.3258298022743, -5.17462102030084], [-37.3258493763107, -5.1746251376542], [-37.3258689485342, -5.17462925861937], [-37.3258885189495, -5.17463338138774], [-37.3259080911595, -5.17463750777745], [-37.3259276615662, -5.17464163416189], [-37.3259472301598, -5.17464576415808], [-37.3259668005531, -5.17464989596708], [-37.3259863691381, -5.17465402957932], [-37.3260059377189, -5.17465816499955], [-37.3260450730683, -5.17466643945081], [-37.3260842065966, -5.17467472112935], [-37.326123338318, -5.17468300460954], [-37.3261624700269, -5.1746912935133], [-37.3262407316414, -5.17470787311827], [-37.3262540704204, -5.1747110027935], [-37.3262674073911, -5.17471413427228], [-37.3262807443524, -5.17471726936789], [-37.3262940776967, -5.17472040807081], [-37.3263074092231, -5.17472355219436], [-37.3263207389267, -5.17472670354703], [-37.3263340631952, -5.17472986392783], [-37.3263473838324, -5.17473303334158], [-37.3263607008383, -5.17473621178825], [-37.3263740105908, -5.17473940468392], [-37.3263873148986, -5.17474261022483], [-37.3264006119484, -5.17474583202326], [-37.3264018504302, -5.1747461337063], [-37.32641390174, -5.17474907007924], [-37.3264271842688, -5.17475232620131], [-37.3264404577261, -5.17475560219325], [-37.326453722112, -5.17475889805501], [-37.3264669774216, -5.17476221559517], [-37.3264802218464, -5.17476555661751], [-37.3264934535777, -5.17476892292577], [-37.3265066762232, -5.17477231452952], [-37.3265198843619, -5.17477573503151], [-37.3265330816014, -5.17477918444131], [-37.3265462643341, -5.17478266274935], [-37.3265594325504, -5.17478617357271], [-37.3265725862455, -5.17478971871996], [-37.3265857254243, -5.17479329638255], [-37.3265988482685, -5.17479691198132], [-37.326611954783, -5.17480056370773], [-37.3266250431591, -5.17480425336558], [-37.326638113392, -5.17480798276339], [-37.3266511672762, -5.17481175552303], [-37.3266642012086, -5.17481556982637], [-37.3266772151844, -5.17481942748203], [-37.3266902091942, -5.17482333210701], [-37.3267031814388, -5.17482728188807], [-37.326716133708, -5.17483128225557], [-37.3267290642024, -5.17483533139621], [-37.3267419693096, -5.174839431109], [-37.3267548544366, -5.17484358321675], [-37.3267677141716, -5.17484778770524], [-37.3267805485005, -5.17485205], [-37.3267933592365, -5.17485636648878], [-37.3268061427577, -5.17486074258764], [-37.326818900868, -5.17486517830136], [-37.3268316317635, -5.17486967362518], [-37.3268443354394, -5.17487423036762], [-37.3268570100824, -5.17487885214101], [-37.3268696575011, -5.17488353714158], [-37.3268822740734, -5.17488829078542], [-37.3268948598089, -5.17489310945546], [-37.3269074164972, -5.17489799858205], [-37.3269199423392, -5.17490295635195], [-37.3269324355167, -5.17490798818594], [-37.3269448960393, -5.17491309046701], [-37.3269573220888, -5.17491826861598], [-37.3269697172729, -5.17492352264237], [-37.3269820761754, -5.17492885434049], [-37.3269944006, -5.17493426371504], [-37.3270066887333, -5.17493975437836], [-37.3270189423841, -5.1749453245267]]]]}}, {"type": "Feature", "properties": {"bairro": "BELO HORIZONTE"}, "geometry": {"type": "MultiPolygon", "coordinates": [[[[-37.3686998551808, -5.2154085754202], [-37.3692377180747, -5.21500092116294], [-37.368009896361, -5.21241089417148], [-37.3660858061955, -5.20832709537455], [-37.3648639351159, -5.20567990143233], [-37.3597490996559, -5.20747819699566], [-37.3585976408486, -5.20788302457431], [-37.3583177723007, -5.2074744658627], [-37.3568539113331, -5.2053374848735], [-37.355990546143, -5.20407239900389], [-37.3549209279387, -5.20248902235054], [-37.3534084092428, -5.20147325244924], [-37.3531034324744, -5.20096841339141], [-37.3533166720858, -5.20181483496647], [-37.3538229834688, -5.2030771317058], [-37.3543722531191, -5.20397437342143], [-37.3544386633007, -5.20408285700666], [-37.3548512802714, -5.20475687471222], [-37.351015900023675, -5.207022514492477], [-37.352762999999996, -5.208369900000001], [-37.35339479999999, -5.2096976], [-37.3539762, -5.210118700000001], [-37.3545485, -5.210787100000001], [-37.356219100000004, -5.2134141], [-37.35781599999999, -5.215321100000001], [-37.36105860000001, -5.2181935], [-37.3615268, -5.218871099999999], [-37.36302904991881, -5.21970662489745], [-37.3677509063172, -5.21612781536125], [-37.3686998551808, -5.2154085754202]]]]}}, {"type": "Feature", "properties": {"bairro": "BOA VISTA"}, "geometry": {"type": "MultiPolygon", "coordinates": [[[[-37.3494913779039, -5.19571603543055], [-37.3496042137051, -5.19585468805984], [-37.3510009989939, -5.19757105425478], [-37.3518760714261, -5.19870432515018], [-37.352551063948, -5.19968587805703], [-37.3576380952958, -5.19653114513776], [-37.3585306228172, -5.19615307174839], [-37.3589666236987, -5.19324222932594], [-37.3585001368806, -5.19211068183543], [-37.3594039744777, -5.19142449228647], [-37.3560468502556, -5.19102849932881], [-37.3560924529354, -5.19123736576497], [-37.3561792494045, -5.19163490888414], [-37.3563704941527, -5.1925108374912], [-37.3541631005587, -5.1928759239201], [-37.3541002501685, -5.1928892274848], [-37.3540387006909, -5.19290759845278], [-37.3539788633343, -5.1929309140883], [-37.3539211378684, -5.19295901862047], [-37.3538659099535, -5.19299172428401], [-37.3520135801772, -5.19418879079792], [-37.3494913779039, -5.19571603543055]]]]}}, {"type": "Feature", "properties": {"bairro": "BOM JARDIM"}, "geometry": {"type": "MultiPolygon", "coordinates": [[[[-37.3351357273981, -5.17979266079386], [-37.3372257343747, -5.18325160850245], [-37.3392466380177, -5.18660595911935], [-37.3400927426667, -5.18803780524329], [-37.3416593125995, -5.18703071472008], [-37.3427290569748, -5.18875998048115], [-37.34526822579866, -5.187226353262198], [-37.3414472555267, -5.18091772452376], [-37.3420216367105, -5.17666381863888], [-37.3397104334886, -5.17284186374851], [-37.3334901035362, -5.17701116184972], [-37.3351357273981, -5.17979266079386]]]]}}, {"type": "Feature", "properties": {"bairro": "BOM JESUS"}, "geometry": {"type": "MultiPolygon", "coordinates": [[[[-37.3568006148441, -5.22395141927965], [-37.3566096773824, -5.22401498937902], [-37.3564169295027, -5.22407288829513], [-37.3562225410156, -5.22412506502059], [-37.356095478023995, -5.224155172631398], [-37.3557998, -5.2242488], [-37.3510093, -5.224849000000001], [-37.35100471158142, -5.224814687705004], [-37.3509940895369, -5.22481595846846], [-37.3509941765683, -5.224816481374], [-37.3509824717068, -5.22524422991506], [-37.3509779376485, -5.22540995537012], [-37.3509664699604, -5.22582904870328], [-37.350953723502, -5.22629488115928], [-37.350918216217, -5.22759252363493], [-37.3508342842688, -5.22846097713438], [-37.3510596660363, -5.22946006154422], [-37.3520082043451, -5.23208694403114], [-37.3525025393008, -5.23345594521963], [-37.3542992696058, -5.23837344405555], [-37.3552520237627, -5.24090140245987], [-37.3557791716132, -5.24230008506131], [-37.3558377466936, -5.24252236737741], [-37.3558902935358, -5.24274613884415], [-37.3559367740777, -5.2429712373719], [-37.3559771546513, -5.24319749990982], [-37.356011406007, -5.24342476256419], [-37.3560395033348, -5.24365286071695], [-37.3560614262827, -5.2438816291451], [-37.3560771589708, -5.24411090214029], [-37.3560866900032, -5.2443405136288], [-37.3560900124761, -5.244570297292], [-37.3560871239828, -5.24480008668669], [-37.3560780266157, -5.24502971536569], [-37.3560627269644, -5.24525901699845], [-37.356043507402, -5.24648592813482], [-37.3559962115605, -5.24950505801026], [-37.3559039281777, -5.25142550724522], [-37.3559175367937, -5.25329360929865], [-37.3559096757086, -5.25348193871422], [-37.3558964606597, -5.25366997076611], [-37.3558779022522, -5.25385755455475], [-37.3558540153797, -5.25404453954041], [-37.355824819212, -5.25423077566408], [-37.3557903371797, -5.25441611346786], [-37.3557505969553, -5.25460040421491], [-37.3551825094742, -5.25788085071822], [-37.3637531814229, -5.25748976030211], [-37.3635121367053, -5.25570180467337], [-37.3629929437266, -5.25349017629639], [-37.3638538306707, -5.25049278563879], [-37.36443505842301, -5.248462040318502], [-37.3647161787098, -5.2469296713361], [-37.3645225749324, -5.2456793105149], [-37.3650549947565, -5.24281261640848], [-37.3651754365064, -5.24191829851131], [-37.3649029163756, -5.24073351339485], [-37.3644854876724, -5.23975885145342], [-37.3642070289917, -5.2358112154611], [-37.3643399072597, -5.23518005722537], [-37.3645773641317, -5.23470704832733], [-37.3649716892841, -5.23447126334456], [-37.3667851449328, -5.23355504851747], [-37.3685989373986, -5.23250726374277], [-37.3696508730451, -5.23172061811719], [-37.3695869578502, -5.23106263194682], [-37.3690377416879, -5.23029813201021], [-37.3680026134306, -5.22966393104792], [-37.3670969841997, -5.2297010417972], [-37.3660982959628, -5.23019838178975], [-37.3652731414178, -5.23141183759166], [-37.3647566017638, -5.23182643747699], [-37.3635946762239, -5.23137685517791], [-37.3631500777621, -5.23105318651246], [-37.3629403164926, -5.23086769409205], [-37.3628226830905, -5.23068319785682], [-37.3628299213287, -5.23045695180906], [-37.3628564730286, -5.22976238965446], [-37.3631539515726, -5.22946052197922], [-37.3641699656169, -5.2290215701742], [-37.3643959671897, -5.22775693712128], [-37.3641747953774, -5.22716096134173], [-37.3626467091744, -5.22477537997841], [-37.3623866795166, -5.22400541130769], [-37.3623029035767, -5.22375734381026], [-37.3623292600398, -5.22313720592607], [-37.36315225465, -5.22068333329833], [-37.3631784162051, -5.22013761935278], [-37.36300495126265, -5.219755197392912], [-37.359337499999995, -5.2226194], [-37.357768199999995, -5.2236255], [-37.35711159848055, -5.22383341491926], [-37.3569895736718, -5.22388223400054], [-37.3568006148441, -5.22395141927965]]]]}}, {"type": "Feature", "properties": {"bairro": "CENTRO"}, "geometry": {"type": "MultiPolygon", "coordinates": [[[[-37.3391961122266, -5.18861421313142], [-37.3389733636226, -5.18875740814206], [-37.3362020434829, -5.19053896184341], [-37.3342399666139, -5.19184976428854], [-37.3322807915758, -5.19323433661636], [-37.3320973442699, -5.19336398103374], [-37.3312429644327, -5.19396596789881], [-37.3310606905831, -5.19408397903141], [-37.3308817712448, -5.19420697626073], [-37.3307063439024, -5.19433486507076], [-37.3305345433572, -5.19446754718662], [-37.3303665016236, -5.19460492065017], [-37.3302023478277, -5.19474687989828], [-37.3300422081081, -5.19489331584402], [-37.3298862055187, -5.19504411596047], [-37.3289121284399, -5.19592778161794], [-37.328974037944, -5.19594643985274], [-37.3290049945211, -5.19595576173892], [-37.3290359529273, -5.19596507458597], [-37.3290669149713, -5.19597437659008], [-37.3290929182944, -5.19598217521273], [-37.3290978806627, -5.19598366413423], [-37.3291288518197, -5.19599293179752], [-37.3291598284375, -5.19600218138854], [-37.3291908105305, -5.19601140748162], [-37.3292217999121, -5.19602060646451], [-37.329252796587, -5.19602977652863], [-37.3292838041728, -5.19603891406647], [-37.3293148172622, -5.19604801725518], [-37.3293458430806, -5.19605708249672], [-37.3293768798289, -5.19606610797784], [-37.3294079275213, -5.19607508827286], [-37.3294389861626, -5.19608402157327], [-37.3294700593654, -5.19609290608008], [-37.3295011471392, -5.19610173817621], [-37.3295322494889, -5.19611051605309], [-37.3295633664287, -5.19611923428512], [-37.3295944997673, -5.19612789106853], [-37.3296256513133, -5.19613648459954], [-37.3296568192773, -5.19614500944777], [-37.3296880072669, -5.19615346562275], [-37.3297192134879, -5.19616184950261], [-37.3297504415575, -5.19617015747982], [-37.3297816896815, -5.19617838593255], [-37.3298129578645, -5.19618653305221], [-37.3298442497239, -5.19619459523129], [-37.3298755652645, -5.19620257066124], [-37.3299069044959, -5.19621045572497], [-37.3299441228783, -5.19621969106332], [-37.3299813758851, -5.19622879446714], [-37.3300186617029, -5.19623776954872], [-37.3300559803411, -5.19624661269095], [-37.330093333599, -5.19625532570713], [-37.3301307160598, -5.19626391039147], [-37.3301681313411, -5.19627236313645], [-37.3302055758205, -5.19628068935808], [-37.3302430495029, -5.19628888724785], [-37.3302805541969, -5.19629695500196], [-37.3303180862899, -5.19630489441941], [-37.330355647581, -5.19631270731346], [-37.3303932344623, -5.19632039367461], [-37.3304308487426, -5.19632795169903], [-37.330468488613, -5.19633538319048], [-37.3305061540735, -5.196342688149], [-37.3305438433203, -5.19634986656975], [-37.3305815563485, -5.19635692026127], [-37.3306192949668, -5.19636384741978], [-37.3306570537538, -5.19637065164807], [-37.3306948363269, -5.19637732933852], [-37.3307326390735, -5.19638388229019], [-37.3307704637927, -5.19639031231635], [-37.3308083086805, -5.19639661941222], [-37.3308461719378, -5.19640280176445], [-37.3308840553636, -5.19640886118635], [-37.330921955355, -5.19641479585985], [-37.3309598737014, -5.19642061121534], [-37.3309978086085, -5.19642630363095], [-37.3310357600763, -5.1964318731066], [-37.3310737280998, -5.19643732145095], [-37.3311117090714, -5.19644264865433], [-37.3311414383915, -5.19644673506032], [-37.3311711733099, -5.19645075094627], [-37.3312009174059, -5.19645470717291], [-37.3312306670669, -5.19645860553928], [-37.3312604222738, -5.19646245327956], [-37.3312901848116, -5.19646625763258], [-37.3313199492541, -5.19647002400975], [-37.3313497173957, -5.19647375603289], [-37.3313794892126, -5.1964774627447], [-37.3314092646953, -5.19648114776226], [-37.3314390384082, -5.19648482011395], [-37.3314688139544, -5.19648848161787], [-37.3314985913148, -5.19649213950819], [-37.3315283650538, -5.19649580281329], [-37.3315581387746, -5.19649947335127], [-37.3315879106542, -5.1965031583515], [-37.3316176788695, -5.19650686504341], [-37.3316474434111, -5.19651059704407], [-37.331677202456, -5.19651436158287], [-37.3317069577891, -5.19651816589873], [-37.331736705793, -5.19652201359923], [-37.3317664482527, -5.19652591192334], [-37.3317961833498, -5.19652986629182], [-37.3318259092662, -5.19653388212561], [-37.3318556277869, -5.19653796666362], [-37.3318853352943, -5.19654212351339], [-37.3319150317648, -5.19654636171766], [-37.3319447189879, -5.19655068670683], [-37.3319743933464, -5.19655510208844], [-37.3320040548259, -5.19655961328808], [-37.3320337033979, -5.19656423115708], [-37.3320633390625, -5.19656895569541], [-37.3321117400052, -5.19657692737404], [-37.3321600950285, -5.19658521180789], [-37.3322084004961, -5.19659381983873], [-37.3322566509867, -5.1966027550693], [-37.3323048410645, -5.19661202652809], [-37.3323529653038, -5.19662163962647], [-37.3324010182735, -5.1966316015843], [-37.332448994543, -5.1966419196215], [-37.3324968886813, -5.19665260095799], [-37.3325446952625, -5.19666365100513], [-37.3325924106597, -5.19667507698758], [-37.3326400294421, -5.19668688612526], [-37.3326875425709, -5.19669908562853], [-37.3327349500273, -5.19671168273166], [-37.332782242782, -5.19672468102789], [-37.3328294153948, -5.19673809135426], [-37.3328670621528, -5.1967491145281], [-37.3329046360985, -5.19676038708831], [-37.3329421390882, -5.19677188914573], [-37.332979580194, -5.1967836008302], [-37.3330169648707, -5.1967955058792], [-37.3330542967783, -5.19680758440828], [-37.3330915813716, -5.1968198201549], [-37.3331288259281, -5.19683218962709], [-37.333166034094, -5.196844678366], [-37.3332032131372, -5.19685726649683], [-37.333240366718, -5.19686993413508], [-37.3332775020902, -5.19688266683149], [-37.3333146229236, -5.19689544108452], [-37.3333517364816, -5.19690823882789], [-37.3333888464146, -5.19692104379416], [-37.333425959991, -5.19693383610845], [-37.3334630808662, -5.19694659769487], [-37.3335002163034, -5.19695931048703], [-37.3335373699629, -5.19697195460051], [-37.3335745491127, -5.19698451016037], [-37.3336117574035, -5.19699696089921], [-37.3336490021035, -5.19700928694217], [-37.3336862886719, -5.19702147021804], [-37.3337236207642, -5.19703349265093], [-37.3337610056485, -5.19704533436594], [-37.3337984469802, -5.19705697728708], [-37.3338359520226, -5.19706840334796], [-37.3338735244358, -5.19707959266417], [-37.3339111732824, -5.19709052898259], [-37.3339488986241, -5.19710118879208], [-37.3339867113179, -5.19711155946147], [-37.3340246132293, -5.19712161748434], [-37.3340598551669, -5.19713065749664], [-37.3340951754126, -5.19713941738788], [-37.3341305739616, -5.19714789896656], [-37.3341660453879, -5.19715610764402], [-37.334201586074, -5.19716404702775], [-37.3342371960197, -5.19717171711775], [-37.3342728697991, -5.19717912332535], [-37.3343086037946, -5.19718626925805], [-37.3343443979968, -5.19719315853294], [-37.3343802451897, -5.19719979113093], [-37.334416147163, -5.1972061724824], [-37.3344520966914, -5.19721230618535], [-37.3344880937701, -5.19721819404834], [-37.3345241329777, -5.19722383967409], [-37.3345602142998, -5.19722924848825], [-37.3345963305208, -5.19723442047176], [-37.3346324834349, -5.1972393592464], [-37.3346686658121, -5.19724407021876], [-37.3347048758436, -5.19724855519265], [-37.3347411135247, -5.19725281597653], [-37.3347773716252, -5.19725685797699], [-37.3348136483365, -5.19726068299779], [-37.3348499436489, -5.19726429465605], [-37.3348862503372, -5.19726769654972], [-37.3349225683917, -5.19727089229593], [-37.334958892396, -5.1972738836889], [-37.3349952205364, -5.19727667434094], [-37.3350315492002, -5.19727926605109], [-37.3350678783686, -5.1972816660535], [-37.3351042008255, -5.19728387432911], [-37.3351405147575, -5.19728589449021], [-37.3351768183512, -5.19728773014918], [-37.3352334508872, -5.19729023256521], [-37.3352900574868, -5.19729230808826], [-37.3353466507491, -5.19729396760289], [-37.3354032360525, -5.1972952237832], [-37.3354598241732, -5.19729609474315], [-37.3355164259158, -5.19729658774546], [-37.3355730484486, -5.1972967208946], [-37.3356297025666, -5.19729650507033], [-37.3356863972516, -5.19729595476478], [-37.3357431396813, -5.19729508446537], [-37.3357999406557, -5.1972939032433], [-37.335856810946, -5.19729243102108], [-37.3359137595531, -5.19729067505666], [-37.335970791846, -5.19728865164119], [-37.3360279222182, -5.19728637528103], [-37.3360851560485, -5.19728385865028], [-37.3361336617575, -5.19728154505884], [-37.3361822328985, -5.19727904535463], [-37.3362308569104, -5.19727633418473], [-37.3362795158105, -5.19727338979891], [-37.3363281970375, -5.19727018684425], [-37.3363768862167, -5.19726670358006], [-37.3364255653748, -5.19726291463912], [-37.3364742201467, -5.19725879466371], [-37.3365228379568, -5.19725432372648], [-37.3365714008366, -5.19724947465165], [-37.3366198944114, -5.19724422569861], [-37.3366683043111, -5.19723855331814], [-37.3367166143712, -5.19723243033925], [-37.3367648102121, -5.19722583682989], [-37.3368128774686, -5.19721874743231], [-37.3368607999665, -5.1972111385926], [-37.3369085633406, -5.19720298495306], [-37.3369561532112, -5.19719426658162], [-37.3370035516147, -5.19718495449397], [-37.3370507459705, -5.19717503057135], [-37.337097720119, -5.19716446583423], [-37.3371444596803, -5.19715324035056], [-37.3371909502893, -5.19714132876262], [-37.3372371739724, -5.19712870570323], [-37.3372831199582, -5.19711535124985], [-37.3373287684787, -5.19710123641344], [-37.3373741087575, -5.19708634308001], [-37.337419122826, -5.19707064407384], [-37.337463796314, -5.19705411584578], [-37.3375081130474, -5.19703673484198], [-37.33755206046, -5.19701847751804], [-37.3375956223729, -5.19699932212865], [-37.3376230956771, -5.19698667493647], [-37.3376504147842, -5.19697366743303], [-37.3376775832546, -5.19696031771323], [-37.3377046082707, -5.19694663845601], [-37.3377314970153, -5.19693264234017], [-37.3377582566567, -5.19691834747021], [-37.3377848907743, -5.19690376470693], [-37.3378114065411, -5.19688891034628], [-37.3378378111304, -5.19687380068424], [-37.3378641099254, -5.1968584465863], [-37.3378903101041, -5.19684286253989], [-37.3379164152268, -5.19682706664002], [-37.3379424360889, -5.19681106976648], [-37.3379683744516, -5.19679488820091], [-37.3379942411007, -5.19677853644026], [-37.3380200378022, -5.19676202895768], [-37.3380457735426, -5.19674537843674], [-37.338071455495, -5.1967286011734], [-37.3380970854303, -5.19671170983224], [-37.3381226741248, -5.19669472252724], [-37.3381482251578, -5.19667765011924], [-37.3381737475112, -5.19666050710034], [-37.3381992447503, -5.19664330975699], [-37.338224724053, -5.19662607257659], [-37.3382501926018, -5.19660880823797], [-37.338275653962, -5.19659153302758], [-37.3383011171202, -5.19657425962901], [-37.3383265874456, -5.19655700433343], [-37.3383520721209, -5.19653977981972], [-37.3383775747113, -5.19652260237426], [-37.3384031042033, -5.19650548468071], [-37.3384286659663, -5.19648844303018], [-37.3384605034616, -5.19646737215854], [-37.3384923911436, -5.1964464243989], [-37.3385243236334, -5.19642558707719], [-37.3385562937486, -5.19640484751453], [-37.3385882925072, -5.19638419121877], [-37.3386203127315, -5.19636360370257], [-37.3386523454347, -5.19634307228231], [-37.3386843852382, -5.19632258428389], [-37.3387164231697, -5.1963021215981], [-37.338748453841, -5.19628167516791], [-37.3387804646623, -5.19626123049176], [-37.3388124538723, -5.1962407712879], [-37.3388444088717, -5.1962202866718], [-37.3388763260953, -5.19619976035706], [-37.3389081947526, -5.19617917965532], [-37.3389400094648, -5.19615853189253], [-37.3389717630587, -5.19613780077269], [-37.3390034447391, -5.19611697541611], [-37.3390350491367, -5.19609603953155], [-37.3390665690688, -5.19607498044022], [-37.3390979937449, -5.19605378545377], [-37.3391293195997, -5.19603243828578], [-37.3391605376417, -5.19601092806122], [-37.3391916406979, -5.19598923848417], [-37.3392226179728, -5.19596735867487], [-37.339253465906, -5.19594527053835], [-37.3392841755012, -5.19592296500812], [-37.3393147377814, -5.19590042578348], [-37.3393451473725, -5.1958776383819], [-37.3393753952879, -5.19585459011974], [-37.3394054743449, -5.19583126831819], [-37.3394353755616, -5.19580765848515], [-37.339476531577, -5.19577445672619], [-37.339517405566, -5.19574079665483], [-37.3395580711686, -5.19570680144711], [-37.339598596608, -5.19567259607335], [-37.3396390573284, -5.19563830371426], [-37.3396795233617, -5.19560404753639], [-37.3397200665537, -5.19556994709382], [-37.3397607605349, -5.19553612917963], [-37.3398016771415, -5.19550271696504], [-37.3398428864105, -5.19546983180787], [-37.3398844619773, -5.19543759869266], [-37.3399264774823, -5.19540614079531], [-37.3399690011633, -5.19537557766036], [-37.340012106651, -5.19534603608077], [-37.340055865782, -5.1953176392277], [-37.3401003522013, -5.19529050846842], [-37.3401423372343, -5.19526655057645], [-37.340184983066, -5.19524376094146], [-37.3402282681155, -5.19522211418674], [-37.3402721653946, -5.19520158311276], [-37.3403166497241, -5.19518213871628], [-37.3403616977192, -5.19516375561581], [-37.3404072842004, -5.19514640480808], [-37.3404533839836, -5.19513005909835], [-37.3404999718848, -5.19511469129191], [-37.3405470245237, -5.19510027419878], [-37.3405945149125, -5.19508678061952], [-37.3406424196707, -5.19507418336412], [-37.3406907136192, -5.1950624534294], [-37.3407393715737, -5.19505156362059], [-37.3407883683455, -5.1950414885516], [-37.3408376805589, -5.19503219922394], [-37.3408946877954, -5.19502248341], [-37.3409519879892, -5.19501387339246], [-37.3410094906828, -5.19500646840443], [-37.3410671036007, -5.19500037310003], [-37.3411247416879, -5.19499569034375], [-37.3411823090704, -5.19499252116328], [-37.3412397206979, -5.19499096661466], [-37.3412968842951, -5.19499113135218], [-37.3413537093951, -5.19499311822634], [-37.3414101073398, -5.19499702828391], [-37.3414659858539, -5.19500296617927], [-37.341521256284, -5.19501103115066], [-37.3415758281587, -5.19502132785736], [-37.3416296128199, -5.1950339573462], [-37.3416825179921, -5.19504902427173], [-37.341734455022, -5.1950666278724], [-37.3417651041953, -5.19507843152768], [-37.3417954064696, -5.1950911313177], [-37.3418253962622, -5.19510467307604], [-37.3418551079804, -5.19511900625347], [-37.3418845760509, -5.19513407306644], [-37.3419138330772, -5.19514982296094], [-37.3419429134811, -5.19516619996199], [-37.3419718534693, -5.19518315533355], [-37.3420006838652, -5.19520062947407], [-37.3420294408707, -5.19521857545604], [-37.3420581589171, -5.19523693368737], [-37.3420868706032, -5.19525565542252], [-37.3421156103508, -5.19527468468644], [-37.342144412572, -5.19529396912123], [-37.342173311684, -5.19531345456045], [-37.342202342099, -5.1953330886461], [-37.3422387431414, -5.19535769937018], [-37.3422753243649, -5.19538239376035], [-37.3423120065469, -5.19540711373444], [-37.3423487122828, -5.19543179578935], [-37.3423853641633, -5.19545637823047], [-37.342421884779, -5.19548079936327], [-37.3424581985199, -5.19550499930657], [-37.3424942261773, -5.1955289145525], [-37.3425298903417, -5.19555248340652], [-37.342565113599, -5.19557564598275], [-37.3425998185397, -5.19559834058665], [-37.342633929563, -5.19562050371993], [-37.3426673674506, -5.19564207549193], [-37.342700056597, -5.1956629942129], [-37.3427319159847, -5.19568319817892], [-37.3427628718119, -5.19570262570501], [-37.3427918830181, -5.19572065191053], [-37.3428201973148, -5.19573820967509], [-37.342848041192, -5.19575560885812], [-37.3428756339147, -5.19577316291727], [-37.3429031965517, -5.19579118531483], [-37.3429309519903, -5.19580998409229], [-37.3429591231035, -5.1958298727166], [-37.3429879291565, -5.19585116464537], [-37.343017593032, -5.19587416972849], [-37.3430483375986, -5.19589920324153], [-37.3430803803321, -5.1959265732116], [-37.3431139477138, -5.1959565931152], [-37.3431492590144, -5.19598957460118], [-37.3431865371076, -5.19602583113659], [-37.3432260012691, -5.19606567256174], [-37.3432678761768, -5.19610941234829], [-37.3433058262082, -5.196150177589], [-37.3433450404845, -5.19619314536375], [-37.3433848412721, -5.1962374114189], [-37.3434047492518, -5.19625974883394], [-37.3434245490379, -5.19628206968756], [-37.3434634824444, -5.19632621409811], [-37.3435009637616, -5.19636893858853], [-37.3435363152638, -5.19640933528815], [-37.3435688556078, -5.19644649993415], [-37.3435979070627, -5.19647952646444], [-37.3436227900935, -5.1965075088124], [-37.3436276327569, -5.19651272476985], [-37.3436350352673, -5.19652069827638], [-37.3436465136887, -5.19651872090865], [-37.345769920062, -5.19521086083223], [-37.3479196649974, -5.19388676270816], [-37.3489133157098, -5.19327473491583], [-37.3464210127404, -5.18913289491549], [-37.346122304838, -5.18863648398527], [-37.34526822579866, -5.187226353262198], [-37.3427290569748, -5.18875998048115], [-37.3416593125995, -5.18703071472008], [-37.3400927426667, -5.18803780524329], [-37.3391961122266, -5.18861421313142]]]]}}, {"type": "Feature", "properties": {"bairro": "COSTA E SILVA"}, "geometry": {"type": "MultiPolygon", "coordinates": [[[[-37.3125040704018, -5.20155845454874], [-37.312060733457756, -5.201862031180647], [-37.3118577875836, -5.20200100195405], [-37.31143084484355, -5.202293349766984], [-37.3094365724258, -5.20365893526987], [-37.30838877172486, -5.204376400582956], [-37.3064258392264, -5.20572051296391], [-37.3051239740583, -5.20661194557007], [-37.302097759936245, -5.20868407353875], [-37.3018357239361, -5.2088634986343], [-37.3014648043595, -5.20911747477892], [-37.3011890447781, -5.2088311931608], [-37.2954747886159, -5.21277432335179], [-37.2953197905448, -5.21259699650104], [-37.2865655461832, -5.2212690012727], [-37.2884207237326, -5.22542520384852], [-37.2886274746757, -5.22591668577717], [-37.2861354640167, -5.227069441155], [-37.279796442067784, -5.229158847072004], [-37.27979644493003, -5.229158861692546], [-37.2804912588642, -5.23264789472587], [-37.2844885505426, -5.23715261111654], [-37.2877173557425, -5.24077236978689], [-37.2908973676045, -5.23893780840113], [-37.2956918082188, -5.23564432648399], [-37.3000648110309, -5.23259030798659], [-37.3029578422549, -5.23056983316821], [-37.3031794514714, -5.2304150626901], [-37.3047334642357, -5.22932973302555], [-37.3103056776021, -5.22543801277728], [-37.3130303209226, -5.22353503428776], [-37.3145854370262, -5.2224488798793], [-37.3163259698821, -5.22123321391831], [-37.3164808880615, -5.22112501209478], [-37.3168827434692, -5.22085046806498], [-37.3175970983203, -5.2203624218817], [-37.3177773229453, -5.22023929278755], [-37.317794011612, -5.2202278912416], [-37.3180862475469, -5.22002823526681], [-37.3182962545796, -5.21988475825423], [-37.3184602674495, -5.21977270437323], [-37.3186556893916, -5.21963919298371], [-37.3187224186402, -5.21959360467854], [-37.3188028960292, -5.21953862523912], [-37.3188776406523, -5.21948755859181], [-37.3189727680204, -5.21942256646126], [-37.3191538831765, -5.21929882789265], [-37.3191741882054, -5.21928495736536], [-37.3191743273687, -5.21928486188506], [-37.3195481657618, -5.21902945707161], [-37.3195496671744, -5.21902792382781], [-37.3195618723316, -5.21902009113198], [-37.3206761928766, -5.21825878106175], [-37.3209160066063, -5.21809493869087], [-37.3221685802882, -5.21723917055461], [-37.3223412018934, -5.21712123149112], [-37.3225418075236, -5.21698417297932], [-37.3232803416431, -5.21647959764897], [-37.3245087499715, -5.21564032457449], [-37.32456077081, -5.21560478423758], [-37.3247050493359, -5.21571930349969], [-37.3258375498537, -5.21448325511921], [-37.3260222501852, -5.21400668359899], [-37.3264916951015, -5.2133952496074], [-37.3271306580736, -5.21251720958089], [-37.3278216335185, -5.21140954614493], [-37.3285132141671, -5.21023240924965], [-37.3286631101764, -5.2099395604419], [-37.3288645791879, -5.20966409834815], [-37.3289570903067, -5.20938259685735], [-37.3290269786579, -5.20898028645904], [-37.3298301515334, -5.2067284400291], [-37.3298891146937, -5.20656359649772], [-37.3291883613922, -5.20604212264488], [-37.3280179117925, -5.20517044860018], [-37.3287571041704, -5.20456985385625], [-37.3312231531564, -5.20256617086574], [-37.3330561151105, -5.20107685777404], [-37.3315330098491, -5.2002683665236], [-37.3285470964851, -5.19873828182087], [-37.327112014425, -5.1980003783801], [-37.326947910477095, -5.197915997862308], [-37.3267526066198, -5.1978053982346], [-37.3265811800159, -5.19764343448513], [-37.3265781715668, -5.19764049122667], [-37.3265751649313, -5.19763754435593], [-37.3265721600998, -5.19763459748994], [-37.3265691606896, -5.19763164702127], [-37.326566161289, -5.19762869293548], [-37.3265631673051, -5.19762573705554], [-37.3265601751347, -5.19762277756329], [-37.3265571847731, -5.19761981626728], [-37.3265541980289, -5.1976168513638], [-37.3265512148974, -5.1976138846613], [-37.3265482335794, -5.19761091434654], [-37.3265452558789, -5.19760794042429], [-37.3265422817911, -5.19760496470304], [-37.3265393095169, -5.1976019853695], [-37.3265363408553, -5.19759900423701], [-37.3265333758159, -5.19759601768844], [-37.3265304143893, -5.19759302934093], [-37.3265274547714, -5.19759003918966], [-37.3265244987758, -5.19758704362235], [-37.3265215463928, -5.19758404625606], [-37.3265185976273, -5.19758104528229], [-37.326515652484, -5.19757803889246], [-37.3265127109487, -5.1975750325122], [-37.3265097730356, -5.1975720207159], [-37.3265068369361, -5.19756900530731], [-37.3265039062532, -5.19756598810453], [-37.3265009791925, -5.19756296548571], [-37.3264980557445, -5.19755994106792], [-37.3264951341148, -5.1975569112293], [-37.3264922179017, -5.19755387959652], [-37.3264893053109, -5.19755084254769], [-37.3264863963376, -5.19754780189133], [-37.3264834909769, -5.19754475943603], [-37.3264805910425, -5.19754171156946], [-37.3264776929216, -5.1975386600906], [-37.3264748002221, -5.19753560500903], [-37.3264719093361, -5.19753254631516], [-37.3264690256802, -5.19752948221484], [-37.3264661438331, -5.19752641631077], [-37.3264632674122, -5.19752334499541], [-37.3264603946087, -5.19752027007256], [-37.3264575272266, -5.19751719154702], [-37.3264546616629, -5.1975141076006], [-37.3264518015206, -5.19751102005152], [-37.3264489467996, -5.1975079288997], [-37.326446095701, -5.19750483233182], [-37.3264432482197, -5.19750173215643], [-37.3264404061647, -5.19749862656983], [-37.3264375695263, -5.19749551918901], [-37.326434736515, -5.19749240458365], [-37.3264319071211, -5.19748928637076], [-37.3264290831486, -5.19748616455514], [-37.3264262627983, -5.19748303732351], [-37.3264234496735, -5.19747990649392], [-37.3264206401708, -5.19747677024831], [-37.3264178342904, -5.19747362858666], [-37.3264150338314, -5.19747048332228], [-37.3264122387938, -5.19746733445519], [-37.3264094473833, -5.19746417836354], [-37.3264066631981, -5.19746101867396], [-37.3264038826351, -5.19745785356834], [-37.3264011074936, -5.19745468485997], [-37.3263983359742, -5.19745151073558], [-37.3263955716851, -5.19744833120473], [-37.3263927157003, -5.19744503568338], [-37.3263898633378, -5.19744173474602], [-37.3263870182054, -5.19743842840215], [-37.3263841784991, -5.19743511664706], [-37.3263813442191, -5.1974317994807], [-37.3263785153653, -5.19742847690312], [-37.3263756919376, -5.19742514891424], [-37.3263728757401, -5.19742181551892], [-37.3263700631649, -5.19741847670756], [-37.3263672578149, -5.19741513429826], [-37.326364457896, -5.19741178466918], [-37.3263616633985, -5.19740843143739], [-37.3263588743271, -5.19740507279434], [-37.326356090682, -5.19740170874005], [-37.3263533142669, -5.19739833927929], [-37.3263505432781, -5.19739496440724], [-37.3263477777154, -5.19739158412399], [-37.326345017579, -5.19738819842947], [-37.3263422628639, -5.19738480913223], [-37.326339515379, -5.19738141442852], [-37.3263367733251, -5.19737801250504], [-37.3263340384965, -5.19737460698362], [-37.3263313090893, -5.19737119785947], [-37.3263285833091, -5.19736778151079], [-37.3263258665582, -5.19736436156893], [-37.3263231534344, -5.19736093440249], [-37.3263204493399, -5.19735750364294], [-37.3263177488628, -5.19735406927587], [-37.3263150556206, -5.19735062769381], [-37.3263123677998, -5.19734718250902], [-37.3263096854101, -5.19734373010446], [-37.3263070102408, -5.19734027591049], [-37.3263043405026, -5.19733681449673], [-37.3263016779897, -5.19733334948506], [-37.3262990209077, -5.19732987725362], [-37.3262963710512, -5.19732640142422], [-37.326293726616, -5.19732292199212], [-37.3262910876118, -5.19731943534023], [-37.3262884558329, -5.1973159450904], [-37.3262858312794, -5.19731245124267], [-37.3262832121569, -5.19730895017511], [-37.3262805984558, -5.19730544550489], [-37.3262779919848, -5.19730193542816], [-37.3262753927391, -5.19729842175355], [-37.3262727989245, -5.19729490085912], [-37.3262702123351, -5.19729137636676], [-37.3262676311672, -5.1972878482717], [-37.3262650572295, -5.19728431477019], [-37.3262624887178, -5.1972807758574], [-37.3262599274364, -5.19727723153818], [-37.3262573733803, -5.197273683621], [-37.3262548247503, -5.1972701302926], [-37.3262522833458, -5.19726657336624], [-37.3262497491713, -5.19726301103345], [-37.3262472204231, -5.1972594432894], [-37.3262446989002, -5.19725587194741], [-37.3262421828034, -5.19725229519419], [-37.326239675736, -5.19724871484783], [-37.3262371740948, -5.19724512909021], [-37.3262346778797, -5.19724153792132], [-37.326232190694, -5.19723794315935], [-37.3262297089344, -5.19723434298609], [-37.3262272344002, -5.19723073921491], [-37.3262247670961, -5.19722713003729], [-37.3262223052134, -5.19722351725692], [-37.3262198505608, -5.19721989907011], [-37.3262174031336, -5.19721627728534], [-37.3262149629366, -5.19721265009416], [-37.3262125299696, -5.19720901749651], [-37.3262101024193, -5.19720538310467], [-37.3262076821039, -5.19720174149783], [-37.3262052708178, -5.19719809629786], [-37.3262028649531, -5.19719444749518], [-37.3262004645146, -5.19719079328124], [-37.3261980731101, -5.19718713366562], [-37.326195688931, -5.1971834704521], [-37.3261933119773, -5.19717980364063], [-37.3261909404497, -5.19717613141794], [-37.3261885761475, -5.19717245559731], [-37.3261862208746, -5.19716877618353], [-37.3261838710326, -5.19716508954998], [-37.3261815284112, -5.19716140112705], [-37.3261791948239, -5.19715770730243], [-37.3261768666628, -5.19715400806656], [-37.3261745457222, -5.19715030704132], [-37.3261722320165, -5.19714659880107], [-37.3261699273354, -5.19714288877623], [-37.3261676280804, -5.19713917334012], [-37.3261653360556, -5.19713545249757], [-37.3261630530553, -5.19713172987042], [-37.3261607754812, -5.19712800183202], [-37.3261585069411, -5.19712426839196], [-37.3261562438224, -5.19712053134914], [-37.3261539897331, -5.19711679071323], [-37.3261517428691, -5.19711304647938], [-37.3261495032352, -5.19710929683907], [-37.3261472708266, -5.19710554360084], [-37.3261450456482, -5.19710178495615], [-37.3261428294991, -5.19709802271832], [-37.3261406187714, -5.19709425687779], [-37.326138417073, -5.1970904874441], [-37.3261362226047, -5.19708671260397], [-37.3261340353617, -5.19708293416592], [-37.3261318553441, -5.19707915212994], [-37.3261296843605, -5.19707536469228], [-37.3261275187984, -5.19707157365191], [-37.3261253622656, -5.19706777901843], [-37.326123214762, -5.1970639807918], [-37.3261210726846, -5.1970601771539], [-37.3261189396366, -5.19705636992288], [-37.3261168138138, -5.19705255909395], [-37.3261146952164, -5.19704874466709], [-37.3261125856531, -5.19704492483855], [-37.3261104833103, -5.19704110322064], [-37.3261083900017, -5.19703727620104], [-37.3261063021144, -5.19703344557875], [-37.3261042232612, -5.19702960955474], [-37.3261021534325, -5.19702577174618], [-37.3261000908339, -5.19702192853114], [-37.3260980354606, -5.19701808171818], [-37.3260959873127, -5.19701423130731], [-37.3260939481941, -5.1970103773033], [-37.3260919181096, -5.19700651789761], [-37.3260898952456, -5.19700265670256], [-37.3260878796118, -5.19699879010102], [-37.3260858730072, -5.19699491990635], [-37.3260838736232, -5.1969910479223], [-37.3260818832781, -5.19698716872803], [-37.3260802267856, -5.19698392702906], [-37.3260785757098, -5.19698068353591], [-37.3260769300553, -5.19697743644005], [-37.3260752898223, -5.19697418574147], [-37.326073655001, -5.19697093505728], [-37.326072025606, -5.19696767896181], [-37.3260704016276, -5.1969644210722], [-37.3260687848697, -5.19696116139319], [-37.3260671699206, -5.1969578999104], [-37.3260655621968, -5.19695463482972], [-37.3260639598896, -5.19695136795488], [-37.3260623630038, -5.1969480974773], [-37.3260607715347, -5.19694482520555], [-37.3260591836782, -5.19694155113485], [-37.3260576012383, -5.19693827526997], [-37.3260560242198, -5.1969349958024], [-37.326054452618, -5.19693171454065], [-37.3260528846336, -5.19692842967141], [-37.326051322061, -5.1969251448165], [-37.3260497649098, -5.19692185635892], [-37.3260482113714, -5.19691856610233], [-37.3260466632542, -5.19691527224307], [-37.326045120549, -5.19691197839818], [-37.3260435814612, -5.19690868094576], [-37.32604204779, -5.19690538169919], [-37.3260405177314, -5.19690208065366], [-37.3260389930943, -5.1968987760054], [-37.3260374720699, -5.19689546955819], [-37.3260359564573, -5.19689216312535], [-37.3260344444621, -5.19688885308501], [-37.3260329378836, -5.19688554125051], [-37.3260314331137, -5.19688222761224], [-37.3260299337653, -5.19687891037128], [-37.3260284398287, -5.19687559314465], [-37.3260269495048, -5.19687227411909], [-37.3260254627984, -5.19686895148602], [-37.3260239796998, -5.19686562886254], [-37.3260225020226, -5.19686230263635], [-37.3260210279534, -5.19685897641973], [-37.3260195575015, -5.19685564659558], [-37.3260180906624, -5.19685231497253], [-37.3260166274311, -5.19684898335902], [-37.3260151678173, -5.19684564813802], [-37.3260137136201, -5.19684231112285], [-37.3260122630308, -5.19683897411726], [-37.326010814255, -5.19683563349937], [-37.3260093690872, -5.19683229289108], [-37.3260079293407, -5.19682894868006], [-37.3260064932021, -5.19682560447863], [-37.3260050588722, -5.19682225847344], [-37.326003628155, -5.19681891066928], [-37.3260022028592, -5.19681555926244], [-37.3260007793673, -5.19681220786037], [-37.3259993594834, -5.19680885646789], [-37.3259979414129, -5.19680550146312], [-37.3259965287543, -5.19680214647269], [-37.3259951179092, -5.19679878787001], [-37.325993710672, -5.19679542927689], [-37.3259923070474, -5.19679206888481], [-37.3259909052316, -5.196788706689], [-37.3259895070237, -5.19678534450274], [-37.3259881124285, -5.19678198051754], [-37.3259867196467, -5.19677861292005], [-37.3259853304681, -5.19677524714067], [-37.3259839449069, -5.19677187775378], [-37.3259825611497, -5.19676850837171], [-37.3259811810051, -5.19676513719065], [-37.3259798026693, -5.19676176420584], [-37.3259784261374, -5.19675839122585], [-37.3259770532183, -5.19675501644689], [-37.3259756821078, -5.19675163986417], [-37.3259743146052, -5.19674826329104], [-37.3259729489162, -5.19674488310562], [-37.3259715868302, -5.19674150473831], [-37.325970226553, -5.19673812456726], [-37.3259688680845, -5.19673474259247], [-37.3259675114247, -5.1967313588139], [-37.3259661583728, -5.19672797504492], [-37.3259648071297, -5.1967245894722], [-37.3259634576905, -5.19672120390427], [-37.32596211006, -5.19671781653259], [-37.3259607642335, -5.19671442916571], [-37.3259594220197, -5.19671103999985], [-37.3259580816098, -5.1967076508388], [-37.3259567412047, -5.19670425986919], [-37.3259554044075, -5.19670086890915], [-37.3259540694238, -5.19669747433686], [-37.3259527362393, -5.19669408157789], [-37.3259514030595, -5.19669068701038], [-37.3259500734877, -5.19668729245244], [-37.3259487457246, -5.19668389609074], [-37.3259474179615, -5.19668049972906], [-37.3259460938062, -5.19667710337696], [-37.3259447696558, -5.19667370521634], [-37.3259434473141, -5.19667030525191], [-37.3259421267716, -5.19666690710087], [-37.3259408080378, -5.19666350714606], [-37.3259394893088, -5.19666010538268], [-37.3259381741829, -5.19665670543747], [-37.3259368572626, -5.19665330187038], [-37.3259355439454, -5.19664990012139], [-37.325934230633, -5.19664649656386], [-37.3259329191246, -5.19664309301115], [-37.3259316094201, -5.19663968946323], [-37.3259302997205, -5.19663628410674], [-37.3259289918247, -5.19663287875506], [-37.325927683929, -5.1966294734034], [-37.3259263760333, -5.1966260680517], [-37.3259250717502, -5.19662266090109], [-37.3259237656632, -5.19661925374565], [-37.3259224613802, -5.196615846595], [-37.3259211589012, -5.19661243944916], [-37.3259198564221, -5.19660903230332], [-37.3259185539478, -5.19660562334893], [-37.3259172532775, -5.19660221439934], [-37.3259159526071, -5.19659880544974], [-37.3259146519368, -5.19659539650016], [-37.3259133530705, -5.19659198755535], [-37.3259107535386, -5.19658516785244], [-37.3259081576099, -5.19657834996765], [-37.3259055616907, -5.19657152846577], [-37.3259003716517, -5.19655788727538], [-37.3258673805702, -5.19647672066154], [-37.3258508931564, -5.19643613466366], [-37.3258344111702, -5.19639554325474], [-37.3258261737903, -5.19637524575139], [-37.3258179418274, -5.19635494645392], [-37.3258097098648, -5.19633464715648], [-37.3258014833239, -5.19631434425642], [-37.3257932603961, -5.19629403955742], [-37.3257850428852, -5.19627373306429], [-37.3257768271833, -5.19625342476749], [-37.3257686187072, -5.19623311287281], [-37.325760415648, -5.19621279918402], [-37.3257563150252, -5.19620264053348], [-37.3257522162065, -5.19619248188776], [-37.3257481210006, -5.19618232144308], [-37.3257440257899, -5.19617216280696], [-37.3257399305889, -5.19616200055377], [-37.3257358389959, -5.19615183831018], [-37.3257317492069, -5.19614167607138], [-37.3257276594227, -5.19613151202404], [-37.3257235714427, -5.19612134798152], [-37.3257194870753, -5.19611118214006], [-37.3257154027128, -5.19610101449007], [-37.3257113219534, -5.1960908486582], [-37.3257072412038, -5.19608067920927], [-37.3257031640621, -5.19607050976992], [-37.3256990887244, -5.19606034033539], [-37.3256950133963, -5.19605016728379], [-37.3256909416715, -5.19603999605032], [-37.3256868717554, -5.1960298230131], [-37.3256828054569, -5.1960196463684], [-37.3256787391537, -5.19600947153226], [-37.3256746764632, -5.19599929489719], [-37.3256706155816, -5.19598911645833], [-37.3256665565039, -5.19597893802431], [-37.3256625010438, -5.19596875598279], [-37.325658445579, -5.19595857574982], [-37.3256543955356, -5.19594839191418], [-37.3256503454923, -5.19593820807851], [-37.3256462990618, -5.19592802244392], [-37.3256422544401, -5.19591783500559], [-37.3256382134263, -5.19590764757684], [-37.3256341742214, -5.19589745834438], [-37.3256301386292, -5.19588726731295], [-37.3256281226394, -5.19588217089777], [-37.3256261066497, -5.19587707448256], [-37.32562409066, -5.19587197806738], [-37.3256220746703, -5.19586688165221], [-37.3256200604893, -5.1958617834333], [-37.3256180463084, -5.19585668521437], [-37.3256160339267, -5.19585158880877], [-37.3256140215545, -5.19584648878612], [-37.3256120109815, -5.19584139057678], [-37.3256100004086, -5.19583629236745], [-37.3256079898404, -5.19583119234959], [-37.3256059810762, -5.19582609233651], [-37.325603972312, -5.19582099232342], [-37.3256019653518, -5.19581589231515], [-37.3255999583964, -5.19581079049834], [-37.325597951441, -5.19580568868153], [-37.3255959462895, -5.19580058686951], [-37.3255939411381, -5.19579548505749], [-37.3255919377954, -5.19579038144173], [-37.325589934448, -5.19578527963451], [-37.3255879311054, -5.19578017601876], [-37.3255859313706, -5.19577507241259], [-37.3255839298367, -5.19576996699308], [-37.3255819301068, -5.19576486157838], [-37.3255799303721, -5.19575975797222], [-37.3255779324462, -5.1957546525623], [-37.325575934525, -5.19574954534386], [-37.3255739384031, -5.19574443993873], [-37.3255719422859, -5.1957393327251], [-37.3255699461688, -5.19573422551142], [-37.3255679518556, -5.19572911830258], [-37.3255659593512, -5.19572400928999], [-37.3255639668419, -5.19571890208594], [-37.3255619743376, -5.19571379307334], [-37.3255599836371, -5.19570868406553], [-37.3255579929415, -5.19570357324919], [-37.3255560040498, -5.19569846243765], [-37.3255540169573, -5.19569335343944], [-37.3255520298744, -5.19568824082412], [-37.3255500427867, -5.19568313001739], [-37.3255480557038, -5.19567801740211], [-37.3255460722288, -5.19567290479641], [-37.3255440869499, -5.19566779218593], [-37.3255421052789, -5.19566267958503], [-37.3255401236127, -5.19565756517559], [-37.3255381419465, -5.19565245076616], [-37.3255361620843, -5.1956473363615], [-37.3255341822268, -5.19564222014833], [-37.3255322041686, -5.19563710574849], [-37.3255302261151, -5.19563198954009], [-37.3255282498704, -5.19562687152796], [-37.3255262736209, -5.19562175532438], [-37.3255242991802, -5.19561663731704], [-37.3255223247395, -5.19561151930972], [-37.3255203539115, -5.19560639950343], [-37.3255183812747, -5.1956012815009], [-37.3255164104467, -5.1955961616946], [-37.3255144414227, -5.19559104189312], [-37.3255124724034, -5.1955859202831], [-37.3255105033842, -5.19558079867308], [-37.3255085379681, -5.19557567888117], [-37.3255065707576, -5.1955705554674], [-37.3255046053464, -5.19556543386697], [-37.3255026417438, -5.19556031046279], [-37.3255006799452, -5.1955551870634], [-37.3254987181514, -5.19555006185549], [-37.3254967563529, -5.19554493845611], [-37.3254947963679, -5.19553981144444], [-37.325492838182, -5.19553468624611], [-37.3254908799962, -5.19552956104775], [-37.3254889236191, -5.19552443404572], [-37.3254869672468, -5.19551930523509], [-37.3254850126737, -5.1955141782378], [-37.3254830599093, -5.19550904943679], [-37.3254811071449, -5.19550392063576], [-37.3254791543853, -5.1954987900262], [-37.3254772052289, -5.19549366123475], [-37.3254752560772, -5.19548853063478], [-37.3254733069304, -5.19548339822627], [-37.3254713595827, -5.19547826763109], [-37.3254694140438, -5.19547313523217], [-37.3254674685049, -5.19546800283325], [-37.3254655247747, -5.1954628686306], [-37.3254635828485, -5.19545773443272], [-37.3254616409223, -5.19545260023485], [-37.3254597008048, -5.19544746423323], [-37.3254577606874, -5.19544232823162], [-37.3254558223739, -5.19543719223479], [-37.3254538858643, -5.19543205624275], [-37.3254519493596, -5.1954269184422], [-37.3254500146588, -5.19542178064644], [-37.3254480799629, -5.19541664104211], [-37.3254461470708, -5.19541150144261], [-37.3254442159828, -5.19540636184789], [-37.3254422866987, -5.19540122225797], [-37.3254403574194, -5.19539608085949], [-37.325438429944, -5.19539093946584], [-37.3254365024687, -5.19538579807217], [-37.3254345768021, -5.19538065487472], [-37.3254326529442, -5.19537550987357], [-37.3254307290816, -5.19537036668095], [-37.3254288070277, -5.19536522168461], [-37.3254268867778, -5.19536007669301], [-37.3254249665327, -5.19535492989292], [-37.3254230480867, -5.19534978490614], [-37.3254211314543, -5.19534463630707], [-37.3254192148171, -5.19533948951657], [-37.3254172999886, -5.19533434092229], [-37.3254153869641, -5.19532919233281], [-37.3254134739444, -5.19532404193482], [-37.3254115627287, -5.19531889154162], [-37.3254096533169, -5.19531374115318], [-37.3254077457138, -5.195308588961], [-37.3254058381108, -5.19530343676885], [-37.3254039323117, -5.19529828458146], [-37.3254020283214, -5.19529313059035], [-37.325400124331, -5.19528797659924], [-37.3253982221447, -5.19528282261292], [-37.325396321767, -5.19527766682286], [-37.3253944213942, -5.19527250922426], [-37.3253925228205, -5.19526735343899], [-37.3253906260556, -5.19526219584995], [-37.3253887310994, -5.1952570364572], [-37.3253868361385, -5.19525187887299], [-37.3253842373206, -5.19524479150792], [-37.3253816385076, -5.1952377023343], [-37.3253790451112, -5.19523061136652], [-37.3253764553227, -5.19522352040832], [-37.3253738691468, -5.19521642765121], [-37.3253712865885, -5.19520933128658], [-37.325368709442, -5.19520223493632], [-37.3253661377121, -5.19519513679188], [-37.3253635713989, -5.19518803685329], [-37.3232395316152, -5.19676523802002], [-37.3225046217236, -5.19731687233501], [-37.3209807070657, -5.19834240722052], [-37.3200470082848, -5.19921500048951], [-37.3180838744387, -5.19773784330799], [-37.3125040704018, -5.20155845454874]]], [[[-37.3265811800159, -5.19764343448513], [-37.32634229783178, -5.197384012035971], [-37.3264432482197, -5.19750173215643], [-37.3265811800159, -5.19764343448513]]], [[[-37.32634229783178, -5.197384012035971], [-37.32633449225406, -5.197374909806961], [-37.3263367733251, -5.19737801250504], [-37.32634229783178, -5.197384012035971]]], [[[-37.3262174031336, -5.19721627728534], [-37.3263313090893, -5.19737119785947], [-37.32633449225406, -5.197374909806961], [-37.32621552878145, -5.197213096460986], [-37.3262174031336, -5.19721627728534]]], [[[-37.32621552878145, -5.197213096460986], [-37.32611900216221, -5.197049288277241], [-37.3262125299696, -5.19720901749651], [-37.32621552878145, -5.197213096460986]]], [[[-37.32611900216221, -5.197049288277241], [-37.32607767605496, -5.196978710477642], [-37.3260785757098, -5.19698068353591], [-37.32611900216221, -5.197049288277241]]], [[[-37.32607767605496, -5.196978710477642], [-37.326075781783516, -5.196974556097819], [-37.3260769300553, -5.19697743644005], [-37.32607767605496, -5.196978710477642]]], [[[-37.3259895070237, -5.19678534450274], [-37.326075781783516, -5.196974556097819], [-37.32538736119911, -5.195247711546076], [-37.3259003716517, -5.19655788727538], [-37.3259895070237, -5.19678534450274]]], [[[-37.3253635713989, -5.19518803685329], [-37.32538736119911, -5.195247711546076], [-37.325358709319, -5.19517453760247], [-37.3253610087031, -5.1951809333072], [-37.3253635713989, -5.19518803685329]]]]}}, {"type": "Feature", "properties": {"bairro": "DOM JAIME CÂMARA"}, "geometry": {"type": "MultiPolygon", "coordinates": [[[[-37.3046267786624, -5.25984617000999], [-37.3046267786624, -5.25984617000999], [-37.3095128387296, -5.25101429302203], [-37.3102104031688, -5.24974688149193], [-37.3119708225732, -5.24654832373703], [-37.3120468037902, -5.24641027021308], [-37.3130089796146, -5.24466524091709], [-37.3137832292229, -5.24326103009159], [-37.3138256112225, -5.24318416407829], [-37.3145432081178, -5.24188269229441], [-37.3154761073785, -5.24019072585384], [-37.3157084069087, -5.23976941049837], [-37.3167903577263, -5.23780576276083], [-37.3168744956902, -5.23765305900901], [-37.3174993701063, -5.23651896018202], [-37.3180023665404, -5.2356309759781], [-37.3188002086986, -5.23422246707825], [-37.3195382880863, -5.23291945696836], [-37.3199386896527, -5.23221258269983], [-37.3199968888332, -5.23211773967641], [-37.3206490598073, -5.23105494110572], [-37.3219416429374, -5.22894849418242], [-37.3219521483811, -5.22893137369011], [-37.3224127093932, -5.2281808179705], [-37.3233315133127, -5.2266650083125], [-37.3241136606368, -5.22537464131934], [-37.3244335085887, -5.22484696161051], [-37.3248601563786, -5.2241430814727], [-37.3248711043228, -5.22412501890246], [-37.3249582330263, -5.22398127579727], [-37.3271387816704, -5.22034311721373], [-37.3281036074096, -5.21852147128512], [-37.3270466256097, -5.21766143039088], [-37.3269948699125, -5.21761931796596], [-37.3262588582907, -5.21702044091671], [-37.3257829235641, -5.21663318187787], [-37.3255042384295, -5.21640642333518], [-37.3250505200438, -5.21603723996829], [-37.3247050493359, -5.21571930349969], [-37.32456077081, -5.21560478423758], [-37.3245087499715, -5.21564032457449], [-37.3232803416431, -5.21647959764897], [-37.3225418075236, -5.21698417297932], [-37.3223412018934, -5.21712123149112], [-37.3221685802882, -5.21723917055461], [-37.3209160066063, -5.21809493869087], [-37.3206761928766, -5.21825878106175], [-37.3195618723316, -5.21902009113198], [-37.3195496671744, -5.21902792382781], [-37.3195481657618, -5.21902945707161], [-37.3191743273687, -5.21928486188506], [-37.3191741882054, -5.21928495736536], [-37.3191538831765, -5.21929882789265], [-37.3189727680204, -5.21942256646126], [-37.3188776406523, -5.21948755859181], [-37.3188028960292, -5.21953862523912], [-37.3187224186402, -5.21959360467854], [-37.3186556893916, -5.21963919298371], [-37.3184602674495, -5.21977270437323], [-37.3182962545796, -5.21988475825423], [-37.3180862475469, -5.22002823526681], [-37.317794011612, -5.2202278912416], [-37.3177773229453, -5.22023929278755], [-37.3175970983203, -5.2203624218817], [-37.3168827434692, -5.22085046806498], [-37.3164808880615, -5.22112501209478], [-37.3163259698821, -5.22123321391831], [-37.3145854370262, -5.2224488798793], [-37.3130303209226, -5.22353503428776], [-37.3103056776021, -5.22543801277728], [-37.3047334642357, -5.22932973302555], [-37.3031794514714, -5.2304150626901], [-37.3029578422549, -5.23056983316821], [-37.3000648110309, -5.23259030798659], [-37.2956918082188, -5.23564432648399], [-37.2908973676045, -5.23893780840113], [-37.2877173557425, -5.24077236978689], [-37.2983957982072, -5.25279515150087], [-37.3046267786624, -5.25984617000999]]]]}}, {"type": "Feature", "properties": {"bairro": "DOZE ANOS"}, "geometry": {"type": "MultiPolygon", "coordinates": [[[[-37.346122304838, -5.18863648398527], [-37.3464210127404, -5.18913289491549], [-37.3489133157098, -5.19327473491583], [-37.3479196649974, -5.19388676270816], [-37.3494913779039, -5.19571603543055], [-37.3520135801772, -5.19418879079792], [-37.3538659099535, -5.19299172428401], [-37.3539211378684, -5.19295901862047], [-37.3539788633343, -5.1929309140883], [-37.3540387006909, -5.19290759845278], [-37.3541002501685, -5.1928892274848], [-37.3541631005587, -5.1928759239201], [-37.3563704941527, -5.1925108374912], [-37.3561792494045, -5.19163490888414], [-37.3560924529354, -5.19123736576497], [-37.3560468502556, -5.19102849932881], [-37.3559307817939, -5.19049688079325], [-37.3559034672783, -5.19037177375253], [-37.3558967701044, -5.19036165722715], [-37.3550505592551, -5.18908342038547], [-37.3549793656976, -5.18899370326455], [-37.3549734895421, -5.18898629812252], [-37.3530338184658, -5.18654193719438], [-37.3528186858966, -5.1862708283584], [-37.3524266842575, -5.18577682565866], [-37.3519221779699, -5.18514104673886], [-37.3518185722346, -5.18520352507633], [-37.3477455395783, -5.18765974349791], [-37.346122304838, -5.18863648398527]]]]}}, {"type": "Feature", "properties": {"bairro": "GOV DIX SEPT ROSADO"}, "geometry": {"type": "MultiPolygon", "coordinates": [[[[-37.3762460322441, -5.19113732034779], [-37.3764386073756, -5.1913651559981], [-37.3766273460226, -5.19159615377466], [-37.3768121958397, -5.19183024960851], [-37.3769931055603, -5.19206737857151], [-37.3771700250103, -5.19230747489434], [-37.3772997910546, -5.19251036488985], [-37.3774236448926, -5.19271688727254], [-37.3775414840808, -5.19292687121738], [-37.3776532111505, -5.19314014303624], [-37.3777587336883, -5.19335652632164], [-37.3778411764083, -5.19353873792441], [-37.3778579644132, -5.19357584209259], [-37.377950821248, -5.19379790894275], [-37.3780372273878, -5.19402254319038], [-37.3781171113632, -5.19424955903036], [-37.3781904070994, -5.1944787686878], [-37.3782570539712, -5.19470998257345], [-37.3783169968526, -5.19494300944048], [-37.3783627871258, -5.19516924165412], [-37.378401886344, -5.19539671543424], [-37.3784342607785, -5.19562523455095], [-37.3784598825017, -5.19585460187284], [-37.3784787294111, -5.19608461953703], [-37.3784907852487, -5.19631508911982], [-37.3784960396145, -5.19654581180787], [-37.378494487976, -5.19677658856975], [-37.3784861316716, -5.19700722032761], [-37.3784709779098, -5.19723750812882], [-37.3784490397629, -5.1974672533178], [-37.3784203361558, -5.19769625770719], [-37.3783848918493, -5.19792432374892], [-37.3783427374192, -5.19815125470455], [-37.3782939092298, -5.19837685481506], [-37.3782384494024, -5.19860092946967], [-37.3781764057789, -5.1988232853737], [-37.3781078318809, -5.19904373071537], [-37.3778065034047, -5.19991030005449], [-37.3777282929478, -5.20013974519728], [-37.3776541576203, -5.20035723513281], [-37.3776432107104, -5.20038935383606], [-37.3769989967356, -5.20227928024552], [-37.3767222086287, -5.20309128808761], [-37.3766318457977, -5.2033563832732], [-37.3764841146239, -5.20378977579698], [-37.3762237216935, -5.20454893109979], [-37.3756893918441, -5.20610673442722], [-37.3754731229159, -5.20673724706747], [-37.3754063388698, -5.20693075696538], [-37.3749031156836, -5.20838886394189], [-37.3748987753441, -5.20840144053863], [-37.3745183259254, -5.20950379512916], [-37.3744981672302, -5.20956220941069], [-37.3744190219542, -5.20976520468041], [-37.37433400022, -5.20996582942207], [-37.3742431735083, -5.21016391496583], [-37.3761190103385, -5.21231159094702], [-37.376462150753, -5.21275335380363], [-37.37813805397758, -5.214805905662249], [-37.378917851898855, -5.21571848086695], [-37.3863507342862, -5.19886481267845], [-37.3900215139955, -5.1957240475695], [-37.3950595443239, -5.19580549095264], [-37.3949001768604, -5.19501104175125], [-37.3874385700784, -5.19416982380308], [-37.3857599273802, -5.19123708686389], [-37.38350171709, -5.19208841508315], [-37.3828779502189, -5.18954519597747], [-37.3824558044818, -5.18782402126943], [-37.3821915409513, -5.18702839349927], [-37.3828595326843, -5.18665099946692], [-37.3819016110421, -5.18513671045135], [-37.3813067132527, -5.18561135659595], [-37.3769798389807, -5.18285039135932], [-37.37058598556096, -5.1842112608256805], [-37.370586198128876, -5.184211522015354], [-37.3755726870776, -5.19031568236231], [-37.3762460322441, -5.19113732034779]]]]}}, {"type": "Feature", "properties": {"bairro": "ILHA DE SANTA LUZIA"}, "geometry": {"type": "MultiPolygon", "coordinates": [[[[-37.3436276327569, -5.19651272476985], [-37.3436227900935, -5.1965075088124], [-37.3435979070627, -5.19647952646444], [-37.3435688556078, -5.19644649993415], [-37.3435363152638, -5.19640933528815], [-37.3435009637616, -5.19636893858853], [-37.3434634824444, -5.19632621409811], [-37.3434245490379, -5.19628206968756], [-37.3434047492518, -5.19625974883394], [-37.3433848412721, -5.1962374114189], [-37.3433450404845, -5.19619314536375], [-37.3433058262082, -5.196150177589], [-37.3432678761768, -5.19610941234829], [-37.3432260012691, -5.19606567256174], [-37.3431865371076, -5.19602583113659], [-37.3431492590144, -5.19598957460118], [-37.3431139477138, -5.1959565931152], [-37.3430803803321, -5.1959265732116], [-37.3430483375986, -5.19589920324153], [-37.343017593032, -5.19587416972849], [-37.3429879291565, -5.19585116464537], [-37.3429591231035, -5.1958298727166], [-37.3429309519903, -5.19580998409229], [-37.3429031965517, -5.19579118531483], [-37.3428756339147, -5.19577316291727], [-37.342848041192, -5.19575560885812], [-37.3428201973148, -5.19573820967509], [-37.3427918830181, -5.19572065191053], [-37.3427628718119, -5.19570262570501], [-37.3427319159847, -5.19568319817892], [-37.342700056597, -5.1956629942129], [-37.3426673674506, -5.19564207549193], [-37.342633929563, -5.19562050371993], [-37.3425998185397, -5.19559834058665], [-37.342565113599, -5.19557564598275], [-37.3425298903417, -5.19555248340652], [-37.3424942261773, -5.1955289145525], [-37.3424581985199, -5.19550499930657], [-37.342421884779, -5.19548079936327], [-37.3423853641633, -5.19545637823047], [-37.3423487122828, -5.19543179578935], [-37.3423120065469, -5.19540711373444], [-37.3422753243649, -5.19538239376035], [-37.3422387431414, -5.19535769937018], [-37.342202342099, -5.1953330886461], [-37.342173311684, -5.19531345456045], [-37.342144412572, -5.19529396912123], [-37.3421156103508, -5.19527468468644], [-37.3420868706032, -5.19525565542252], [-37.3420581589171, -5.19523693368737], [-37.3420294408707, -5.19521857545604], [-37.3420006838652, -5.19520062947407], [-37.3419718534693, -5.19518315533355], [-37.3419429134811, -5.19516619996199], [-37.3419138330772, -5.19514982296094], [-37.3418845760509, -5.19513407306644], [-37.3418551079804, -5.19511900625347], [-37.3418253962622, -5.19510467307604], [-37.3417954064696, -5.1950911313177], [-37.3417651041953, -5.19507843152768], [-37.341734455022, -5.1950666278724], [-37.3416825179921, -5.19504902427173], [-37.3416296128199, -5.1950339573462], [-37.3415758281587, -5.19502132785736], [-37.341521256284, -5.19501103115066], [-37.3414659858539, -5.19500296617927], [-37.3414101073398, -5.19499702828391], [-37.3413537093951, -5.19499311822634], [-37.3412968842951, -5.19499113135218], [-37.3412397206979, -5.19499096661466], [-37.3411823090704, -5.19499252116328], [-37.3411247416879, -5.19499569034375], [-37.3410671036007, -5.19500037310003], [-37.3410094906828, -5.19500646840443], [-37.3409519879892, -5.19501387339246], [-37.3408946877954, -5.19502248341], [-37.3408376805589, -5.19503219922394], [-37.3407883683455, -5.1950414885516], [-37.3407393715737, -5.19505156362059], [-37.3406907136192, -5.1950624534294], [-37.3406424196707, -5.19507418336412], [-37.3405945149125, -5.19508678061952], [-37.3405470245237, -5.19510027419878], [-37.3404999718848, -5.19511469129191], [-37.3404533839836, -5.19513005909835], [-37.3404072842004, -5.19514640480808], [-37.3403616977192, -5.19516375561581], [-37.3403166497241, -5.19518213871628], [-37.3402721653946, -5.19520158311276], [-37.3402282681155, -5.19522211418674], [-37.340184983066, -5.19524376094146], [-37.3401423372343, -5.19526655057645], [-37.3401003522013, -5.19529050846842], [-37.340055865782, -5.1953176392277], [-37.340012106651, -5.19534603608077], [-37.3399690011633, -5.19537557766036], [-37.3399264774823, -5.19540614079531], [-37.3398844619773, -5.19543759869266], [-37.3398428864105, -5.19546983180787], [-37.3398016771415, -5.19550271696504], [-37.3397607605349, -5.19553612917963], [-37.3397200665537, -5.19556994709382], [-37.3396795233617, -5.19560404753639], [-37.3396390573284, -5.19563830371426], [-37.339598596608, -5.19567259607335], [-37.3395580711686, -5.19570680144711], [-37.339517405566, -5.19574079665483], [-37.339476531577, -5.19577445672619], [-37.3394353755616, -5.19580765848515], [-37.3394054743449, -5.19583126831819], [-37.3393753952879, -5.19585459011974], [-37.3393451473725, -5.1958776383819], [-37.3393147377814, -5.19590042578348], [-37.3392841755012, -5.19592296500812], [-37.339253465906, -5.19594527053835], [-37.3392226179728, -5.19596735867487], [-37.3391916406979, -5.19598923848417], [-37.3391605376417, -5.19601092806122], [-37.3391293195997, -5.19603243828578], [-37.3390979937449, -5.19605378545377], [-37.3390665690688, -5.19607498044022], [-37.3390350491367, -5.19609603953155], [-37.3390034447391, -5.19611697541611], [-37.3389717630587, -5.19613780077269], [-37.3389400094648, -5.19615853189253], [-37.3389081947526, -5.19617917965532], [-37.3388763260953, -5.19619976035706], [-37.3388444088717, -5.1962202866718], [-37.3388124538723, -5.1962407712879], [-37.3387804646623, -5.19626123049176], [-37.338748453841, -5.19628167516791], [-37.3387164231697, -5.1963021215981], [-37.3386843852382, -5.19632258428389], [-37.3386523454347, -5.19634307228231], [-37.3386203127315, -5.19636360370257], [-37.3385882925072, -5.19638419121877], [-37.3385562937486, -5.19640484751453], [-37.3385243236334, -5.19642558707719], [-37.3384923911436, -5.1964464243989], [-37.3384605034616, -5.19646737215854], [-37.3384286659663, -5.19648844303018], [-37.3384031042033, -5.19650548468071], [-37.3383775747113, -5.19652260237426], [-37.3383520721209, -5.19653977981972], [-37.3383265874456, -5.19655700433343], [-37.3383011171202, -5.19657425962901], [-37.338275653962, -5.19659153302758], [-37.3382501926018, -5.19660880823797], [-37.338224724053, -5.19662607257659], [-37.3381992447503, -5.19664330975699], [-37.3381737475112, -5.19666050710034], [-37.3381482251578, -5.19667765011924], [-37.3381226741248, -5.19669472252724], [-37.3380970854303, -5.19671170983224], [-37.338071455495, -5.1967286011734], [-37.3380457735426, -5.19674537843674], [-37.3380200378022, -5.19676202895768], [-37.3379942411007, -5.19677853644026], [-37.3379683744516, -5.19679488820091], [-37.3379424360889, -5.19681106976648], [-37.3379164152268, -5.19682706664002], [-37.3378903101041, -5.19684286253989], [-37.3378641099254, -5.1968584465863], [-37.3378378111304, -5.19687380068424], [-37.3378114065411, -5.19688891034628], [-37.3377848907743, -5.19690376470693], [-37.3377582566567, -5.19691834747021], [-37.3377314970153, -5.19693264234017], [-37.3377046082707, -5.19694663845601], [-37.3376775832546, -5.19696031771323], [-37.3376504147842, -5.19697366743303], [-37.3376230956771, -5.19698667493647], [-37.3375956223729, -5.19699932212865], [-37.33755206046, -5.19701847751804], [-37.3375081130474, -5.19703673484198], [-37.337463796314, -5.19705411584578], [-37.337419122826, -5.19707064407384], [-37.3373741087575, -5.19708634308001], [-37.3373287684787, -5.19710123641344], [-37.3372831199582, -5.19711535124985], [-37.3372371739724, -5.19712870570323], [-37.3371909502893, -5.19714132876262], [-37.3371444596803, -5.19715324035056], [-37.337097720119, -5.19716446583423], [-37.3370507459705, -5.19717503057135], [-37.3370035516147, -5.19718495449397], [-37.3369561532112, -5.19719426658162], [-37.3369085633406, -5.19720298495306], [-37.3368607999665, -5.1972111385926], [-37.3368128774686, -5.19721874743231], [-37.3367648102121, -5.19722583682989], [-37.3367166143712, -5.19723243033925], [-37.3366683043111, -5.19723855331814], [-37.3366198944114, -5.19724422569861], [-37.3365714008366, -5.19724947465165], [-37.3365228379568, -5.19725432372648], [-37.3364742201467, -5.19725879466371], [-37.3364255653748, -5.19726291463912], [-37.3363768862167, -5.19726670358006], [-37.3363281970375, -5.19727018684425], [-37.3362795158105, -5.19727338979891], [-37.3362308569104, -5.19727633418473], [-37.3361822328985, -5.19727904535463], [-37.3361336617575, -5.19728154505884], [-37.3360851560485, -5.19728385865028], [-37.3360279222182, -5.19728637528103], [-37.335970791846, -5.19728865164119], [-37.3359137595531, -5.19729067505666], [-37.335856810946, -5.19729243102108], [-37.3357999406557, -5.1972939032433], [-37.3357431396813, -5.19729508446537], [-37.3356863972516, -5.19729595476478], [-37.3356297025666, -5.19729650507033], [-37.3355730484486, -5.1972967208946], [-37.3355164259158, -5.19729658774546], [-37.3354598241732, -5.19729609474315], [-37.3354032360525, -5.1972952237832], [-37.3353466507491, -5.19729396760289], [-37.3352900574868, -5.19729230808826], [-37.3352334508872, -5.19729023256521], [-37.3351768183512, -5.19728773014918], [-37.3351405147575, -5.19728589449021], [-37.3351042008255, -5.19728387432911], [-37.3350678783686, -5.1972816660535], [-37.3350315492002, -5.19727926605109], [-37.3349952205364, -5.19727667434094], [-37.334958892396, -5.1972738836889], [-37.3349225683917, -5.19727089229593], [-37.3348862503372, -5.19726769654972], [-37.3348499436489, -5.19726429465605], [-37.3348136483365, -5.19726068299779], [-37.3347773716252, -5.19725685797699], [-37.3347411135247, -5.19725281597653], [-37.3347048758436, -5.19724855519265], [-37.3346686658121, -5.19724407021876], [-37.3346324834349, -5.1972393592464], [-37.3345963305208, -5.19723442047176], [-37.3345602142998, -5.19722924848825], [-37.3345241329777, -5.19722383967409], [-37.3344880937701, -5.19721819404834], [-37.3344520966914, -5.19721230618535], [-37.334416147163, -5.1972061724824], [-37.3343802451897, -5.19719979113093], [-37.3343443979968, -5.19719315853294], [-37.3343086037946, -5.19718626925805], [-37.3342728697991, -5.19717912332535], [-37.3342371960197, -5.19717171711775], [-37.334201586074, -5.19716404702775], [-37.3341660453879, -5.19715610764402], [-37.3341305739616, -5.19714789896656], [-37.3340951754126, -5.19713941738788], [-37.3340598551669, -5.19713065749664], [-37.3340246132293, -5.19712161748434], [-37.3339867113179, -5.19711155946147], [-37.3339488986241, -5.19710118879208], [-37.3339111732824, -5.19709052898259], [-37.3338735244358, -5.19707959266417], [-37.3338359520226, -5.19706840334796], [-37.3337984469802, -5.19705697728708], [-37.3337610056485, -5.19704533436594], [-37.3337236207642, -5.19703349265093], [-37.3336862886719, -5.19702147021804], [-37.3336490021035, -5.19700928694217], [-37.3336117574035, -5.19699696089921], [-37.3335745491127, -5.19698451016037], [-37.3335373699629, -5.19697195460051], [-37.3335002163034, -5.19695931048703], [-37.3334630808662, -5.19694659769487], [-37.333425959991, -5.19693383610845], [-37.3333888464146, -5.19692104379416], [-37.3333517364816, -5.19690823882789], [-37.3333146229236, -5.19689544108452], [-37.3332775020902, -5.19688266683149], [-37.333240366718, -5.19686993413508], [-37.3332032131372, -5.19685726649683], [-37.333166034094, -5.196844678366], [-37.3331288259281, -5.19683218962709], [-37.3330915813716, -5.1968198201549], [-37.3330542967783, -5.19680758440828], [-37.3330169648707, -5.1967955058792], [-37.332979580194, -5.1967836008302], [-37.3329421390882, -5.19677188914573], [-37.3329046360985, -5.19676038708831], [-37.3328670621528, -5.1967491145281], [-37.3328294153948, -5.19673809135426], [-37.332782242782, -5.19672468102789], [-37.3327349500273, -5.19671168273166], [-37.3326875425709, -5.19669908562853], [-37.3326400294421, -5.19668688612526], [-37.3325924106597, -5.19667507698758], [-37.3325446952625, -5.19666365100513], [-37.3324968886813, -5.19665260095799], [-37.332448994543, -5.1966419196215], [-37.3324010182735, -5.1966316015843], [-37.3323529653038, -5.19662163962647], [-37.3323048410645, -5.19661202652809], [-37.3322566509867, -5.1966027550693], [-37.3322084004961, -5.19659381983873], [-37.3321600950285, -5.19658521180789], [-37.3321117400052, -5.19657692737404], [-37.3320633390625, -5.19656895569541], [-37.3320337033979, -5.19656423115708], [-37.3320040548259, -5.19655961328808], [-37.3319743933464, -5.19655510208844], [-37.3319447189879, -5.19655068670683], [-37.3319150317648, -5.19654636171766], [-37.3318853352943, -5.19654212351339], [-37.3318556277869, -5.19653796666362], [-37.3318259092662, -5.19653388212561], [-37.3317961833498, -5.19652986629182], [-37.3317664482527, -5.19652591192334], [-37.331736705793, -5.19652201359923], [-37.3317069577891, -5.19651816589873], [-37.331677202456, -5.19651436158287], [-37.3316474434111, -5.19651059704407], [-37.3316176788695, -5.19650686504341], [-37.3315879106542, -5.1965031583515], [-37.3315581387746, -5.19649947335127], [-37.3315283650538, -5.19649580281329], [-37.3314985913148, -5.19649213950819], [-37.3314688139544, -5.19648848161787], [-37.3314390384082, -5.19648482011395], [-37.3314092646953, -5.19648114776226], [-37.3313794892126, -5.1964774627447], [-37.3313497173957, -5.19647375603289], [-37.3313199492541, -5.19647002400975], [-37.3312901848116, -5.19646625763258], [-37.3312604222738, -5.19646245327956], [-37.3312306670669, -5.19645860553928], [-37.3312009174059, -5.19645470717291], [-37.3311711733099, -5.19645075094627], [-37.3311414383915, -5.19644673506032], [-37.3311117090714, -5.19644264865433], [-37.3310737280998, -5.19643732145095], [-37.3310357600763, -5.1964318731066], [-37.3309978086085, -5.19642630363095], [-37.3309598737014, -5.19642061121534], [-37.330921955355, -5.19641479585985], [-37.3308840553636, -5.19640886118635], [-37.3308461719378, -5.19640280176445], [-37.3308083086805, -5.19639661941222], [-37.3307704637927, -5.19639031231635], [-37.3307326390735, -5.19638388229019], [-37.3306948363269, -5.19637732933852], [-37.3306570537538, -5.19637065164807], [-37.3306192949668, -5.19636384741978], [-37.3305815563485, -5.19635692026127], [-37.3305438433203, -5.19634986656975], [-37.3305061540735, -5.196342688149], [-37.330468488613, -5.19633538319048], [-37.3304308487426, -5.19632795169903], [-37.3303932344623, -5.19632039367461], [-37.330355647581, -5.19631270731346], [-37.3303180862899, -5.19630489441941], [-37.3302805541969, -5.19629695500196], [-37.3302430495029, -5.19628888724785], [-37.3302055758205, -5.19628068935808], [-37.3301681313411, -5.19627236313645], [-37.3301307160598, -5.19626391039147], [-37.330093333599, -5.19625532570713], [-37.3300559803411, -5.19624661269095], [-37.3300186617029, -5.19623776954872], [-37.3299813758851, -5.19622879446714], [-37.3299441228783, -5.19621969106332], [-37.3299069044959, -5.19621045572497], [-37.3298755652645, -5.19620257066124], [-37.3298442497239, -5.19619459523129], [-37.3298129578645, -5.19618653305221], [-37.3297816896815, -5.19617838593255], [-37.3297504415575, -5.19617015747982], [-37.3297192134879, -5.19616184950261], [-37.3296880072669, -5.19615346562275], [-37.3296568192773, -5.19614500944777], [-37.3296256513133, -5.19613648459954], [-37.3295944997673, -5.19612789106853], [-37.3295633664287, -5.19611923428512], [-37.3295322494889, -5.19611051605309], [-37.3295011471392, -5.19610173817621], [-37.3294700593654, -5.19609290608008], [-37.3294389861626, -5.19608402157327], [-37.3294079275213, -5.19607508827286], [-37.3293768798289, -5.19606610797784], [-37.3293458430806, -5.19605708249672], [-37.3293148172622, -5.19604801725518], [-37.3292838041728, -5.19603891406647], [-37.329252796587, -5.19602977652863], [-37.3292217999121, -5.19602060646451], [-37.3291908105305, -5.19601140748162], [-37.3291598284375, -5.19600218138854], [-37.3291288518197, -5.19599293179752], [-37.3290978806627, -5.19598366413423], [-37.3290929182944, -5.19598217521273], [-37.3290669149713, -5.19597437659008], [-37.3290359529273, -5.19596507458597], [-37.3290049945211, -5.19595576173892], [-37.328974037944, -5.19594643985274], [-37.3289121284399, -5.19592778161794], [-37.3268396266674, -5.19510425610196], [-37.3267017815066, -5.19504948215271], [-37.325363858949, -5.19439523684013], [-37.3251581029006, -5.19429462200564], [-37.3251661112146, -5.19434768798419], [-37.3251850709394, -5.19447330762803], [-37.3251865850302, -5.19448333643031], [-37.325187342078, -5.19448834992721], [-37.3251880991211, -5.19449336523262], [-37.325188857968, -5.19449838054286], [-37.3251896186237, -5.1945033940493], [-37.3251903792794, -5.19450840755578], [-37.3251911417389, -5.19451342106703], [-37.3251919041985, -5.1945184345783], [-37.3251926702708, -5.1945234462906], [-37.325193436343, -5.1945284580029], [-37.3251942060184, -5.19453347153333], [-37.3251949775072, -5.19453848145147], [-37.3251957507952, -5.19454349318292], [-37.3251965276958, -5.19454850311543], [-37.3251973064052, -5.19455351124419], [-37.3251980869137, -5.19455852118627], [-37.3251988728388, -5.19456352933419], [-37.3251996605726, -5.19456853567836], [-37.3252004537182, -5.19457354203688], [-37.3252012486677, -5.19457854840021], [-37.3252020490339, -5.19458355296937], [-37.3252028512087, -5.19458855573477], [-37.3252036587954, -5.19459355851454], [-37.3252044717986, -5.19459855950014], [-37.3252052884097, -5.19460356049532], [-37.3252061086335, -5.19460855969154], [-37.3252069360777, -5.19461355709838], [-37.3252077671299, -5.1946185545148], [-37.3252086035987, -5.19462355013706], [-37.3252094472879, -5.19462854396992], [-37.325210294585, -5.19463353781235], [-37.3252111491075, -5.19463852805689], [-37.3252120090417, -5.19464351831578], [-37.3252128761965, -5.19464850678527], [-37.3252137487678, -5.19465349346061], [-37.3252146285597, -5.19465847834658], [-37.3252155155673, -5.19466346325168], [-37.3252164079963, -5.19466844455408], [-37.325217309445, -5.19467342588042], [-37.325218216315, -5.19467840360406], [-37.3252191322047, -5.19468338135164], [-37.3252200553197, -5.19468835550128], [-37.3252209856553, -5.19469332786159], [-37.3252219250105, -5.1946983002458], [-37.3252228733949, -5.1947032690369], [-37.3252238289999, -5.19470823603861], [-37.3252247936294, -5.19471320125571], [-37.3252257672833, -5.19471816468822], [-37.3252267481625, -5.19472312452281], [-37.3252277398701, -5.19472808257761], [-37.3252287406021, -5.19473303884783], [-37.3252297521626, -5.1947379933382], [-37.3252307727523, -5.19474294423548], [-37.3252318023617, -5.19474789515667], [-37.325232842809, -5.194752840681], [-37.32523389408, -5.19475778623407], [-37.3252349543802, -5.19476272819399], [-37.3252360273175, -5.19476766657037], [-37.3252371092793, -5.19477260316215], [-37.3252382038734, -5.19477753797891], [-37.3252393074968, -5.19478246920252], [-37.3252404237525, -5.19478739865115], [-37.3252415526453, -5.19479232451619], [-37.3252432524702, -5.19479964822325], [-37.3252449793685, -5.19480696657652], [-37.3252467297372, -5.1948142777579], [-37.3252485053752, -5.19482158358072], [-37.3252503062828, -5.19482888404494], [-37.3252521306606, -5.19483617733728], [-37.3252539803079, -5.19484346527107], [-37.3252558534207, -5.19485074784148], [-37.3252577481951, -5.19485802504372], [-37.3252596664351, -5.19486529688264], [-37.3252616081405, -5.19487256335817], [-37.3252635697036, -5.19487982446079], [-37.325265554737, -5.19488707839148], [-37.3252675596233, -5.19489432875782], [-37.3252695861712, -5.19490157375598], [-37.3252716343807, -5.19490881338599], [-37.3252737006392, -5.19491604944684], [-37.32527578676, -5.19492327832621], [-37.3252778945377, -5.19493050364594], [-37.3252800203691, -5.19493772358796], [-37.3252821642495, -5.19494493996081], [-37.3252843261836, -5.19495215095592], [-37.3252865079753, -5.19495935657812], [-37.3252887060121, -5.19496655862631], [-37.3252909220978, -5.19497375710535], [-37.3252931544333, -5.19498095020186], [-37.3252954030138, -5.19498813972441], [-37.3252976678441, -5.19499532386442], [-37.3252999489194, -5.19500250443046], [-37.3253022444358, -5.19500968141777], [-37.3253045561972, -5.19501685483107], [-37.3253068805958, -5.19502402466086], [-37.3253092212441, -5.19503118910811], [-37.3253115745249, -5.19503835178034], [-37.3253139422514, -5.19504550906528], [-37.3253163244143, -5.19505266458001], [-37.3253187174152, -5.19505981469783], [-37.3253211230484, -5.19506696304067], [-37.3253235413188, -5.19507410779995], [-37.3253259704224, -5.19508124897088], [-37.3253284121631, -5.19508838655826], [-37.3253308647323, -5.19509552236585], [-37.3253333263308, -5.19510265458031], [-37.3253357987624, -5.19510978320643], [-37.3253382820225, -5.19511691005275], [-37.3253407743119, -5.19512403330594], [-37.3253432756257, -5.19513115477455], [-37.3253457859689, -5.19513827265003], [-37.3253483035326, -5.19514538873613], [-37.3253508301208, -5.19515250303764], [-37.3253533639343, -5.19515961374123], [-37.32608029348594, -5.196983180594265], [-37.32611900216221, -5.197049288277241], [-37.32621552878145, -5.197213096460986], [-37.32633449225406, -5.197374909806961], [-37.32634229783178, -5.197384012035971], [-37.326578645200385, -5.197640681713714], [-37.3265830396548, -5.19764519147081], [-37.326615990425, -5.197676323338139], [-37.32675368029276, -5.197806006250392], [-37.326947910477095, -5.197915997862308], [-37.327112014425, -5.1980003783801], [-37.3285470964851, -5.19873828182087], [-37.3315330098491, -5.2002683665236], [-37.3330561151105, -5.20107685777404], [-37.3331522967707, -5.20112791266235], [-37.333507171735, -5.20132549535999], [-37.3350320969295, -5.20217451799122], [-37.3358200189751, -5.20257832888177], [-37.3370736253346, -5.20322080323956], [-37.3375004182361, -5.20347469385908], [-37.3391013423384, -5.20442704910153], [-37.33979575646778, -5.204832653933025], [-37.3397948, -5.2047096999999996], [-37.3421172, -5.2061689], [-37.342989900000006, -5.2063947], [-37.34422694757561, -5.206150644798079], [-37.3442344650004, -5.20614791262865], [-37.3442485641176, -5.20614275550479], [-37.3442626542904, -5.20613756941999], [-37.3442776745192, -5.2061320023646], [-37.3442926840045, -5.20612640453492], [-37.3443076845406, -5.20612077955276], [-37.3443226743283, -5.20611512560487], [-37.3443376551526, -5.20610944993019], [-37.3443526306217, -5.20610375253819], [-37.3443675989219, -5.20609803704128], [-37.3443825636518, -5.20609230706597], [-37.3443975230028, -5.20608656441614], [-37.3444124805732, -5.20608081271836], [-37.3444274345543, -5.20607505377643], [-37.3444423885496, -5.20606928940841], [-37.3444722983481, -5.20605775886721], [-37.3444872559413, -5.20605199812445], [-37.3445022171281, -5.20604624281639], [-37.3445171818943, -5.20604049836868], [-37.3445321520439, -5.20603476478608], [-37.3445471293714, -5.20602904569043], [-37.3445621138674, -5.20602334469884], [-37.3445771055271, -5.20601766361986], [-37.3445921079538, -5.20601200427154], [-37.3446071193293, -5.20600637207477], [-37.3446221432616, -5.20600076703904], [-37.3446371797412, -5.20599519278148], [-37.3446522305627, -5.20598965292391], [-37.3446672939172, -5.20598414927016], [-37.3446823752122, -5.20597868364302], [-37.3446974708253, -5.20597326145863], [-37.3447125861686, -5.20596788273124], [-37.3447277194287, -5.20596255107322], [-37.3447428723999, -5.20595727010638], [-37.3447636424878, -5.20595012480509], [-37.3447844466146, -5.20594307002072], [-37.3448052830047, -5.20593609489721], [-37.344826148074, -5.20592919038232], [-37.3448470364292, -5.2059223492276], [-37.3448679444909, -5.20591556057223], [-37.3448888686747, -5.205908815364], [-37.3449098053915, -5.20590210635916], [-37.3449307510666, -5.20589542088841], [-37.3449517021108, -5.20588875170799], [-37.3449726531311, -5.20588209156952], [-37.3449936023566, -5.20587542780835], [-37.34500354585539, -5.205872258898285], [-37.345003545855405, -5.205872258898281], [-37.34545518099229, -5.20570574136048], [-37.3454780164215, -5.20569508638265], [-37.3455017434058, -5.20568374209537], [-37.3455253807529, -5.20567218235203], [-37.3455489338225, -5.20566042706097], [-37.3455724115967, -5.20564849071426], [-37.3455958194403, -5.20563639141173], [-37.3456191663353, -5.20562414364545], [-37.3456424576417, -5.20561176732377], [-37.3456657023462, -5.20559927513025], [-37.3456889040049, -5.20558668696847], [-37.3457120715951, -5.20557401913911], [-37.3457352140989, -5.20556128613431], [-37.3457583350818, -5.20554850424054], [-37.3457814435117, -5.20553569337557], [-37.3458276478121, -5.20551004448068], [-37.3458507598335, -5.20549723904741], [-37.3458738861915, -5.20548446982196], [-37.3458970340643, -5.20547175129175], [-37.3459202106205, -5.20545910156127], [-37.3459434248328, -5.20544653873972], [-37.3459666802761, -5.2054340754965], [-37.3459899859184, -5.20542173174937], [-37.346013348933, -5.20540952379431], [-37.3460367764982, -5.20539746611861], [-37.3460602739787, -5.20538557682212], [-37.3460838521558, -5.20537387221025], [-37.3461075127958, -5.20536236675608], [-37.3461312666659, -5.20535108219076], [-37.3461551173457, -5.20534002937508], [-37.3461690679634, -5.20533370166465], [-37.3461830544385, -5.20532745905062], [-37.3461970767804, -5.20532129791587], [-37.346211131386, -5.20531521644241], [-37.3462252182552, -5.20530921463022], [-37.3462393409961, -5.20530329248878], [-37.346253494206, -5.20529744638678], [-37.3462676778899, -5.20529167451563], [-37.3462818938515, -5.20528597688007], [-37.3462961402871, -5.20528035347541], [-37.3463104154066, -5.20527479887119], [-37.3463247192103, -5.20526931306742], [-37.3463390516932, -5.20526389787271], [-37.3463534128697, -5.2052585478613], [-37.3463677991318, -5.20525326302382], [-37.3463822122881, -5.20524804155639], [-37.3463966523434, -5.20524288165046], [-37.3464111156898, -5.20523778329656], [-37.3464256041359, -5.20523274469087], [-37.3464401158825, -5.2052277640201], [-37.3464546509296, -5.20522284128424], [-37.3464692074873, -5.2052179710529], [-37.3464837873551, -5.20521315513941], [-37.3464983887288, -5.20520839353895], [-37.3465130080146, -5.20520368081642], [-37.3465276488206, -5.20519901698134], [-37.3465423093428, -5.2051944020289], [-37.3465569877867, -5.2051898323373], [-37.3465716841474, -5.20518530971507], [-37.3465863966352, -5.20518082873182], [-37.3466011270495, -5.20517639120083], [-37.3466158717915, -5.20517199349554], [-37.3466306344694, -5.20516763562541], [-37.3466454096759, -5.20516331576766], [-37.3466601992197, -5.20515903211848], [-37.3466750012968, -5.20515478467314], [-37.3466898177254, -5.20515056801074], [-37.3467046448881, -5.20514638573885], [-37.346719484603, -5.20514223243662], [-37.3467343332574, -5.20513810990307], [-37.3467491944688, -5.20513401453058], [-37.3467640628252, -5.20512994630495], [-37.34677894014, -5.20512590161379], [-37.3467938264132, -5.20512188045711], [-37.3468087198409, -5.20511788283019], [-37.3468236222365, -5.20511390512064], [-37.3468385281928, -5.20510994550568], [-37.3468534395089, -5.20510600579862], [-37.3468683580032, -5.20510208057858], [-37.3468832782635, -5.20509816983125], [-37.346898203898, -5.20509427356617], [-37.3469131313033, -5.20509038996531], [-37.3469280622881, -5.20508651722483], [-37.346942993254, -5.20508265171815], [-37.3469579260049, -5.20507879345002], [-37.3469728587321, -5.20507494422426], [-37.3469877914545, -5.20507109680662], [-37.3470027241627, -5.20506725481427], [-37.3470325823533, -5.20505957442646], [-37.3470475078406, -5.20505573422247], [-37.3470624297292, -5.20505189039148], [-37.3470773462153, -5.20504804292877], [-37.3470922591075, -5.20504419003053], [-37.3471100712036, -5.20503957790809], [-37.3471278779066, -5.20503495853665], [-37.3471456756179, -5.20503032828961], [-37.3471634661367, -5.20502568898027], [-37.3471812494583, -5.20502104241719], [-37.3471990273915, -5.20501638679654], [-37.3472167981275, -5.20501172392213], [-37.3472345634703, -5.20500705379873], [-37.347252321616, -5.20500237642159], [-37.3472700743685, -5.20499769179542], [-37.347287821723, -5.20499300172882], [-37.3473055654884, -5.20498830441792], [-37.3473233038558, -5.20498360166658], [-37.3473410368254, -5.20497889347479], [-37.3473587662057, -5.20497417803871], [-37.3473764901834, -5.20496945897076], [-37.3473942105625, -5.20496473627563], [-37.3474119273477, -5.20496000814478], [-37.3474296405389, -5.20495527457822], [-37.3474473519354, -5.20495053738923], [-37.3474650597286, -5.20494579838165], [-37.3474827639232, -5.20494105574687], [-37.347500466323, -5.20493630948969], [-37.3475181669282, -5.20493155961007], [-37.3475358639254, -5.2049268097204], [-37.3475535609318, -5.20492205621305], [-37.3475889495465, -5.20491254375674], [-37.347653928871146, -5.204895064659026], [-37.34765879269724, -5.204893271369977], [-37.3476457749834, -5.20488993563125], [-37.3476234942672, -5.20488422720855], [-37.3476012225762, -5.20487851700025], [-37.3475789635468, -5.20487279416454], [-37.3475567171932, -5.20486705327575], [-37.347534483539, -5.20486128529112], [-37.3475122662203, -5.20485547936875], [-37.3474900688595, -5.20484963009242], [-37.3474678878769, -5.20484372660138], [-37.3474457305072, -5.20483776168035], [-37.3474235949654, -5.20483172809036], [-37.3474014848879, -5.20482561498953], [-37.3473794002934, -5.20481941514365], [-37.3473573430049, -5.20481312132327], [-37.3473353166539, -5.20480672449503], [-37.3473133212641, -5.20480021561619], [-37.3472913586679, -5.20479358384017], [-37.3472694306738, -5.20478682736312], [-37.3472475391237, -5.20477993172139], [-37.3472256876445, -5.20477288969017], [-37.3472038726424, -5.20476569583438], [-37.3471821013616, -5.20475833932162], [-37.3471498391556, -5.20474709760192], [-37.3471176771431, -5.20473548357886], [-37.3470856207269, -5.20472350088385], [-37.3470536753187, -5.2047111495311], [-37.3470218445125, -5.20469843495577], [-37.3469901373188, -5.20468536079871], [-37.3469585555322, -5.20467193068174], [-37.3469271045599, -5.20465814642768], [-37.3468957898045, -5.20464401166789], [-37.3468646184771, -5.20462952822988], [-37.346833592363, -5.20461470335265], [-37.3468027186781, -5.20459953705518], [-37.3467720028202, -5.20458403477736], [-37.3467414483973, -5.2045681965287], [-37.3467110626064, -5.2045520295624], [-37.3466808490556, -5.20453553388797], [-37.3466508113386, -5.20451871494057], [-37.3466209584707, -5.20450157455246], [-37.3465912940457, -5.20448411815883], [-37.3465618216715, -5.2044663457692], [-37.3465325467461, -5.20444826282344], [-37.3465034764757, -5.20442987295765], [-37.3464746144638, -5.20441117798991], [-37.3464459661127, -5.20439218155154], [-37.3464175368204, -5.20437288908248], [-37.3463893301995, -5.20435329878366], [-37.3463613534422, -5.20433341971686], [-37.3463336119606, -5.20431325189629], [-37.3463061093532, -5.20429279894861], [-37.3462788510224, -5.20427206450512], [-37.3462518423707, -5.20425105219723], [-37.3462250888008, -5.20422976565623], [-37.3462019295573, -5.20421094820281], [-37.3461789638754, -5.2041919268891], [-37.3461561881328, -5.20417270713131], [-37.3461335969128, -5.20415329072379], [-37.3461111865934, -5.20413368308278], [-37.3460889499491, -5.20411388780649], [-37.3460668833626, -5.20409390850247], [-37.3460449850203, -5.20407374878324], [-37.3460232476922, -5.20405341405545], [-37.3460016677655, -5.20403290611821], [-37.3459802398142, -5.20401223038302], [-37.3459589584168, -5.20399139045275], [-37.3459378217599, -5.20397038993984], [-37.3459168244221, -5.20394923244716], [-37.3458959591733, -5.20392792338146], [-37.3458752242047, -5.20390646454657], [-37.345854614095, -5.20388485954537], [-37.3458341252173, -5.20386311560264], [-37.3458137503509, -5.20384123450801], [-37.3457934876824, -5.20381921987384], [-37.3457733317904, -5.20379707530305], [-37.3457532772487, -5.20377480620709], [-37.3457333204401, -5.20375241619363], [-37.3457134559476, -5.20372990705699], [-37.3456936801446, -5.20370728602192], [-37.3456739858104, -5.20368455487808], [-37.3456543729354, -5.20366171724253], [-37.3456348324904, -5.2036387767087], [-37.3456153626524, -5.20361574050613], [-37.3455959580095, -5.20359260862057], [-37.3455766131356, -5.20356938646348], [-37.3455573262125, -5.20354607945581], [-37.3455414779581, -5.20352681639046], [-37.3455256785727, -5.2035074919621], [-37.3455099406937, -5.20348810258675], [-37.3454942769584, -5.20346864468054], [-37.3454787018127, -5.20344911285565], [-37.3454632278987, -5.20342950171965], [-37.345447869653, -5.2034098095018], [-37.3454326397176, -5.20339003080969], [-37.3454175525385, -5.20337016025555], [-37.3454026189491, -5.2033501942507], [-37.3453922701161, -5.2033361307876], [-37.3453878533905, -5.20333012921596], [-37.3453732703135, -5.203309957955], [-37.3453588823507, -5.20328967869247], [-37.345344703948, -5.20326928604062], [-37.3453307459389, -5.20324877641075], [-37.3453170227739, -5.20322814260656], [-37.3453035488897, -5.20320738285744], [-37.3452903369235, -5.20318649357946], [-37.345277401326, -5.20316546757631], [-37.3452647529305, -5.20314430125934], [-37.3452524061783, -5.20312299104931], [-37.3452403755107, -5.20310153336706], [-37.3452286735696, -5.2030799228201], [-37.3452173130017, -5.20305815220741], [-37.3452063082388, -5.20303622156686], [-37.3451956719229, -5.20301412550603], [-37.3451854185048, -5.20299185682858], [-37.3451755606169, -5.20296941375913], [-37.3451661109012, -5.20294679090521], [-37.3451570838038, -5.20292398287905], [-37.345148491957, -5.2029009879053], [-37.3451403480029, -5.20287780059143], [-37.345130567572, -5.20284780877081], [-37.3451214282628, -5.20281754734931], [-37.3451128144976, -5.2027870630461], [-37.3451046088713, -5.20275641161839], [-37.3450966940024, -5.20272563978053], [-37.3450889524859, -5.20269480328973], [-37.34508126873, -5.20266395429079], [-37.3450735235447, -5.20263314130193], [-37.3450656031423, -5.20260241647273], [-37.3450573883233, -5.20257183193848], [-37.3450487616969, -5.20254143803074], [-37.3450396058629, -5.20251128869812], [-37.3450298070338, -5.20248143609016], [-37.3450192442155, -5.20245192872036], [-37.3450078036208, -5.20242281873823], [-37.3449953660453, -5.20239416008767], [-37.344983781204, -5.20236985508673], [-37.344971412483, -5.20234591335727], [-37.3449583032201, -5.20232231873598], [-37.3449444985387, -5.20229906229858], [-37.3449300399679, -5.20227612968552], [-37.3449149726263, -5.20225351378107], [-37.3448993398518, -5.20223119842193], [-37.3448831831643, -5.20220917286572], [-37.3448665476916, -5.20218742637955], [-37.3448494767622, -5.20216594641724], [-37.3448320118914, -5.202144724045], [-37.3448141982209, -5.20212374310426], [-37.34479607907, -5.20210299466596], [-37.3447776977624, -5.20208246799249], [-37.3447590976314, -5.2020621487291], [-37.3447403220007, -5.20204202613823], [-37.344717366244, -5.20201787212511], [-37.3446942203768, -5.20199398347146], [-37.3446708916386, -5.20197035115347], [-37.3446473836658, -5.20194696432926], [-37.3446237018844, -5.20192381758735], [-37.3445998517301, -5.20190090189921], [-37.3445758386337, -5.20187821004479], [-37.3445516680355, -5.20185573118697], [-37.3445273435623, -5.20183345810099], [-37.3445028724489, -5.20181138357161], [-37.344478258327, -5.20178949856547], [-37.344453506632, -5.20176779405403], [-37.3444286245989, -5.20174626282202], [-37.3444036140552, -5.20172489583141], [-37.3443784822405, -5.20170368405836], [-37.3443532327768, -5.20168262208666], [-37.3443278747125, -5.20166169908868], [-37.3443024080664, -5.2016409078302], [-37.3442768418821, -5.20162023929213], [-37.3442511797911, -5.20159968444119], [-37.3442254272196, -5.20157923786592], [-37.3441995896125, -5.20155888692064], [-37.3441736723912, -5.20153862800247], [-37.3441476791922, -5.20151845026955], [-37.3441216172548, -5.20149834469807], [-37.3440954902012, -5.20147830587184], [-37.3440693052805, -5.20145832114996], [-37.344043064306, -5.20143838692003], [-37.3440167763307, -5.2014184905459], [-37.3439904431681, -5.20139862841516], [-37.3439640720671, -5.20137878788693], [-37.3439376666499, -5.20135896354503], [-37.3439149377027, -5.20134191958499], [-37.3438921961291, -5.20132487559137], [-37.3438694491732, -5.20130782073176], [-37.3438467040605, -5.20129075140803], [-37.3438239680258, -5.20127366040494], [-37.3438012501125, -5.20125653870339], [-37.343778555742, -5.20123938270056], [-37.3437558939578, -5.20122218337736], [-37.3437332719948, -5.20120493351858], [-37.3437106970877, -5.20118762590891], [-37.3436881782659, -5.20117025695504], [-37.3436657227689, -5.20115281763313], [-37.3436433360321, -5.20113529891462], [-37.3436210270851, -5.20111769720616], [-37.3436156083758, -5.20111338219817], [-37.3435988049664, -5.20110000529728], [-37.3435766751071, -5.20108221596796], [-37.3435546465504, -5.20106432019913], [-37.3435327247179, -5.201046314388], [-37.343510920457, -5.20102818952019], [-37.3434892391938, -5.20100994018434], [-37.3434676881631, -5.20099155916518], [-37.3434462764084, -5.20097303744364], [-37.3434250093509, -5.20095437141693], [-37.3434038978336, -5.2009355538793], [-37.343382947292, -5.20091657580218], [-37.3433621649607, -5.20089742997034], [-37.3433415580652, -5.20087811278571], [-37.343321137453, -5.20085861523395], [-37.3433009067461, -5.20083893189892], [-37.3432808767967, -5.20081905195778], [-37.3432610530215, -5.20079897361622], [-37.343241444464, -5.20077868785523], [-37.3432141070685, -5.20074965545479], [-37.3431872145637, -5.20072019921067], [-37.3431607651361, -5.20069032273536], [-37.3431347605753, -5.20066003145929], [-37.343109199068, -5.20062932899484], [-37.3430840824038, -5.20059822077247], [-37.3430594105781, -5.20056670860078], [-37.3430351835764, -5.2005347979055], [-37.3430114013846, -5.2005024941123], [-37.3429880639932, -5.20046980083832], [-37.3429651732013, -5.20043671989688], [-37.3429427271859, -5.20040325851754], [-37.3429207259377, -5.20036942031739], [-37.3428991712509, -5.20033520891832], [-37.3428780631161, -5.20030062793748], [-37.342857401519, -5.20026568280055], [-37.3428442219718, -5.20024279332764], [-37.3428312412497, -5.20021975607514], [-37.3428184683679, -5.20019657287538], [-37.34280591594, -5.20017324918717], [-37.3427935929763, -5.20014978865136], [-37.3427815102864, -5.20012619672206], [-37.3427696768901, -5.200102473423], [-37.342758105401, -5.20007862421302], [-37.3427468030206, -5.20005465453679], [-37.3427357823721, -5.20003056623601], [-37.3427250524611, -5.20000636476007], [-37.3427146241065, -5.19998205194604], [-37.3427045081179, -5.19995763324797], [-37.3426947135105, -5.19993311049815], [-37.3426852528978, -5.19990848915544], [-37.342676133486, -5.19988377285589], [-37.3426673678983, -5.19985896344134], [-37.3426589651355, -5.1998340681696], [-37.3426509360213, -5.19980908706919], [-37.3426432913606, -5.19978402740275], [-37.3426360419723, -5.19975889100731], [-37.342629195063, -5.19973368151894], [-37.3426227650546, -5.19970840259266], [-37.342616759149, -5.19968305967309], [-37.3426111881651, -5.19965765459727], [-37.3426060629125, -5.19963219281927], [-37.3426013942053, -5.19960667798466], [-37.3425971910588, -5.19958111192571], [-37.3425934660863, -5.19955550010121], [-37.342590228303, -5.19952984434347], [-37.3425874849057, -5.19950415190564], [-37.3425852521253, -5.19947842463893], [-37.3425835506774, -5.19945301888487], [-37.3425823453957, -5.1994275854982], [-37.3425816200302, -5.19940212986184], [-37.3425813691642, -5.19937665377011], [-37.3425815783611, -5.19935115899359], [-37.3425822385823, -5.19932565274278], [-37.3425833408077, -5.19930013499393], [-37.3425848705962, -5.19927460932619], [-37.3425868207177, -5.19924908114624], [-37.3425891803483, -5.19922355042559], [-37.34259193865, -5.19919802256141], [-37.3425950829855, -5.19917250113763], [-37.3425986061295, -5.19914698975232], [-37.3426024954494, -5.19912149018085], [-37.3426067401119, -5.19909600601181], [-37.342611332887, -5.19907054265189], [-37.342616257539, -5.19904510005843], [-37.3426215086463, -5.1990196818342], [-37.3426270735624, -5.19899429518027], [-37.3426329432721, -5.19896893826432], [-37.3426391033247, -5.1989436182826], [-37.3426455483083, -5.19891833522091], [-37.3426522637723, -5.19889309627544], [-37.3426592406968, -5.19886790142252], [-37.3426664682438, -5.19884275605929], [-37.3426739373887, -5.1988176619706], [-37.3426816354943, -5.19879262274035], [-37.3426895517226, -5.1987676437657], [-37.3426976770537, -5.19874272502299], [-37.3427060024584, -5.19871787010551], [-37.3427145134861, -5.19869308620959], [-37.3427232029255, -5.1986683715077], [-37.3427356284663, -5.19863397272097], [-37.3427484107314, -5.19859975030181], [-37.3427615839109, -5.19856573689419], [-37.3427751767877, -5.19853196331931], [-37.3427892217529, -5.19849846040786], [-37.3428037530012, -5.19846525899522], [-37.3428188011196, -5.19843238990732], [-37.3428343984991, -5.19839988397485], [-37.342850575722, -5.19836777383226], [-37.3428673669829, -5.19833609031491], [-37.3428848010651, -5.19830486424404], [-37.3429029139672, -5.1982741264597], [-37.3429217344772, -5.1982439059745], [-37.3429412967804, -5.19821423724096], [-37.3429616314637, -5.19818515108492], [-37.3429827709183, -5.19815667833701], [-37.3430080088805, -5.1981248017872], [-37.3430342226445, -5.19809367111947], [-37.3430612862072, -5.19806318110587], [-37.3430890753647, -5.19803322833177], [-37.3431174677075, -5.19800371300443], [-37.3431463336247, -5.19797452988642], [-37.3431755543193, -5.19794557738602], [-37.3432050001757, -5.19791675207447], [-37.3432345487844, -5.19788795415906], [-37.3432640759461, -5.19785907841677], [-37.3432934556529, -5.19783002142839], [-37.3433225636915, -5.19780068339657], [-37.3433512776665, -5.19777095910311], [-37.3433794679525, -5.19774074873646], [-37.343407015767, -5.1977099452794], [-37.3434337914799, -5.19767845072899], [-37.3434550986817, -5.19765204196585], [-37.3434757794641, -5.1976251106894], [-37.3434958103284, -5.19759767492361], [-37.3435151659906, -5.19756974545353], [-37.3435338229521, -5.19754134030322], [-37.343551755929, -5.1975124702577], [-37.3435689414226, -5.19748315334097], [-37.3435853541445, -5.1974534021467], [-37.3436009724139, -5.19742322927795], [-37.3436157691197, -5.19739265455782], [-37.343625389587, -5.19737129896752], [-37.3436297207866, -5.19736168696758], [-37.3436428021168, -5.19733034271798], [-37.3436549914203, -5.19729863802921], [-37.3436662616094, -5.19726658368161], [-37.3436765909847, -5.19723419951253], [-37.3436859524632, -5.19720149449373], [-37.3436921158683, -5.1971776231511], [-37.3436977492817, -5.19715360753985], [-37.3437028472393, -5.19712946753991], [-37.3437074006838, -5.19710521759599], [-37.3437114005481, -5.19708087577], [-37.3437148377699, -5.19705645831529], [-37.3437177050909, -5.19703198148983], [-37.343719991645, -5.19700746154228], [-37.3437216937769, -5.19698291654869], [-37.3437227988165, -5.1969583627529], [-37.3437232977017, -5.19693381640822], [-37.3437231849779, -5.19690929377746], [-37.3437224515783, -5.19688481292248], [-37.3437210884358, -5.1968603919051], [-37.3437190864978, -5.19683604336159], [-37.3437164366972, -5.19681178535379], [-37.3437111039108, -5.19677459086892], [-37.3437044067358, -5.1967376206808], [-37.343696543693, -5.19670084275656], [-37.3436877060825, -5.19666422685298], [-37.3436780888268, -5.19662773731048], [-37.343667888633, -5.19659134570858], [-37.3436572986145, -5.19655501819162], [-37.3436527797077, -5.19653981076212], [-37.3436350352673, -5.19652069827638], [-37.3436276327569, -5.19651272476985]]], [[[-37.3253661377121, -5.19519513679188], [-37.325368709442, -5.19520223493632], [-37.3253712865885, -5.19520933128658], [-37.3253738691468, -5.19521642765121], [-37.3253764553227, -5.19522352040832], [-37.3253790451112, -5.19523061136652], [-37.3253816385076, -5.1952377023343], [-37.3253842373206, -5.19524479150792], [-37.3253868361385, -5.19525187887299], [-37.3253887310994, -5.1952570364572], [-37.3253906260556, -5.19526219584995], [-37.3253925228205, -5.19526735343899], [-37.3253944213942, -5.19527250922426], [-37.325396321767, -5.19527766682286], [-37.3253982221447, -5.19528282261292], [-37.325400124331, -5.19528797659924], [-37.3254020283214, -5.19529313059035], [-37.3254039323117, -5.19529828458146], [-37.3254058381108, -5.19530343676885], [-37.3254077457138, -5.195308588961], [-37.3254096533169, -5.19531374115318], [-37.3254115627287, -5.19531889154162], [-37.3254134739444, -5.19532404193482], [-37.3254153869641, -5.19532919233281], [-37.3254172999886, -5.19533434092229], [-37.3254192148171, -5.19533948951657], [-37.3254211314543, -5.19534463630707], [-37.3254230480867, -5.19534978490614], [-37.3254249665327, -5.19535492989292], [-37.3254268867778, -5.19536007669301], [-37.3254288070277, -5.19536522168461], [-37.3254307290816, -5.19537036668095], [-37.3254326529442, -5.19537550987357], [-37.3254345768021, -5.19538065487472], [-37.3254365024687, -5.19538579807217], [-37.325438429944, -5.19539093946584], [-37.3254403574194, -5.19539608085949], [-37.3254422866987, -5.19540122225797], [-37.3254442159828, -5.19540636184789], [-37.3254461470708, -5.19541150144261], [-37.3254480799629, -5.19541664104211], [-37.3254500146588, -5.19542178064644], [-37.3254519493596, -5.1954269184422], [-37.3254538858643, -5.19543205624275], [-37.3254558223739, -5.19543719223479], [-37.3254577606874, -5.19544232823162], [-37.3254597008048, -5.19544746423323], [-37.3254616409223, -5.19545260023485], [-37.3254635828485, -5.19545773443272], [-37.3254655247747, -5.1954628686306], [-37.3254674685049, -5.19546800283325], [-37.3254694140438, -5.19547313523217], [-37.3254713595827, -5.19547826763109], [-37.3254733069304, -5.19548339822627], [-37.3254752560772, -5.19548853063478], [-37.3254772052289, -5.19549366123475], [-37.3254791543853, -5.1954987900262], [-37.3254811071449, -5.19550392063576], [-37.3254830599093, -5.19550904943679], [-37.3254850126737, -5.1955141782378], [-37.3254869672468, -5.19551930523509], [-37.3254889236191, -5.19552443404572], [-37.3254908799962, -5.19552956104775], [-37.325492838182, -5.19553468624611], [-37.3254947963679, -5.19553981144444], [-37.3254967563529, -5.19554493845611], [-37.3254987181514, -5.19555006185549], [-37.3255006799452, -5.1955551870634], [-37.3255026417438, -5.19556031046279], [-37.3255046053464, -5.19556543386697], [-37.3255065707576, -5.1955705554674], [-37.3255085379681, -5.19557567888117], [-37.3255105033842, -5.19558079867308], [-37.3255124724034, -5.1955859202831], [-37.3255144414227, -5.19559104189312], [-37.3255164104467, -5.1955961616946], [-37.3255183812747, -5.1956012815009], [-37.3255203539115, -5.19560639950343], [-37.3255223247395, -5.19561151930972], [-37.3255242991802, -5.19561663731704], [-37.3255262736209, -5.19562175532438], [-37.3255282498704, -5.19562687152796], [-37.3255302261151, -5.19563198954009], [-37.3255322041686, -5.19563710574849], [-37.3255341822268, -5.19564222014833], [-37.3255361620843, -5.1956473363615], [-37.3255381419465, -5.19565245076616], [-37.3255401236127, -5.19565756517559], [-37.3255421052789, -5.19566267958503], [-37.3255440869499, -5.19566779218593], [-37.3255460722288, -5.19567290479641], [-37.3255480557038, -5.19567801740211], [-37.3255500427867, -5.19568313001739], [-37.3255520298744, -5.19568824082412], [-37.3255540169573, -5.19569335343944], [-37.3255560040498, -5.19569846243765], [-37.3255579929415, -5.19570357324919], [-37.3255599836371, -5.19570868406553], [-37.3255619743376, -5.19571379307334], [-37.3255639668419, -5.19571890208594], [-37.3255659593512, -5.19572400928999], [-37.3255679518556, -5.19572911830258], [-37.3255699461688, -5.19573422551142], [-37.3255719422859, -5.1957393327251], [-37.3255739384031, -5.19574443993873], [-37.325575934525, -5.19574954534386], [-37.3255779324462, -5.1957546525623], [-37.3255799303721, -5.19575975797222], [-37.3255819301068, -5.19576486157838], [-37.3255839298367, -5.19576996699308], [-37.3255859313706, -5.19577507241259], [-37.3255879311054, -5.19578017601876], [-37.325589934448, -5.19578527963451], [-37.3255919377954, -5.19579038144173], [-37.3255939411381, -5.19579548505749], [-37.3255959462895, -5.19580058686951], [-37.325597951441, -5.19580568868153], [-37.3255999583964, -5.19581079049834], [-37.3256019653518, -5.19581589231515], [-37.325603972312, -5.19582099232342], [-37.3256059810762, -5.19582609233651], [-37.3256079898404, -5.19583119234959], [-37.3256100004086, -5.19583629236745], [-37.3256120109815, -5.19584139057678], [-37.3256140215545, -5.19584648878612], [-37.3256160339267, -5.19585158880877], [-37.3256180463084, -5.19585668521437], [-37.3256200604893, -5.1958617834333], [-37.3256220746703, -5.19586688165221], [-37.32562409066, -5.19587197806738], [-37.3256261066497, -5.19587707448256], [-37.3256281226394, -5.19588217089777], [-37.3256301386292, -5.19588726731295], [-37.3256341742214, -5.19589745834438], [-37.3256382134263, -5.19590764757684], [-37.3256422544401, -5.19591783500559], [-37.3256462990618, -5.19592802244392], [-37.3256503454923, -5.19593820807851], [-37.3256543955356, -5.19594839191418], [-37.325658445579, -5.19595857574982], [-37.3256625010438, -5.19596875598279], [-37.3256665565039, -5.19597893802431], [-37.3256706155816, -5.19598911645833], [-37.3256746764632, -5.19599929489719], [-37.3256787391537, -5.19600947153226], [-37.3256828054569, -5.1960196463684], [-37.3256868717554, -5.1960298230131], [-37.3256909416715, -5.19603999605032], [-37.3256950133963, -5.19605016728379], [-37.3256990887244, -5.19606034033539], [-37.3257031640621, -5.19607050976992], [-37.3257072412038, -5.19608067920927], [-37.3257113219534, -5.1960908486582], [-37.3257154027128, -5.19610101449007], [-37.3257194870753, -5.19611118214006], [-37.3257235714427, -5.19612134798152], [-37.3257276594227, -5.19613151202404], [-37.3257317492069, -5.19614167607138], [-37.3257358389959, -5.19615183831018], [-37.3257399305889, -5.19616200055377], [-37.3257440257899, -5.19617216280696], [-37.3257481210006, -5.19618232144308], [-37.3257522162065, -5.19619248188776], [-37.3257563150252, -5.19620264053348], [-37.325760415648, -5.19621279918402], [-37.3257686187072, -5.19623311287281], [-37.3257768271833, -5.19625342476749], [-37.3257850428852, -5.19627373306429], [-37.3257932603961, -5.19629403955742], [-37.3258014833239, -5.19631434425642], [-37.3258097098648, -5.19633464715648], [-37.3258179418274, -5.19635494645392], [-37.3258261737903, -5.19637524575139], [-37.3258344111702, -5.19639554325474], [-37.3258508931564, -5.19643613466366], [-37.3258673805702, -5.19647672066154], [-37.3259003716517, -5.19655788727538], [-37.32538736119911, -5.195247711546076], [-37.3253635713989, -5.19518803685329], [-37.3253661377121, -5.19519513679188]]], [[[-37.3259055616907, -5.19657152846577], [-37.3259081576099, -5.19657834996765], [-37.3259107535386, -5.19658516785244], [-37.3259133530705, -5.19659198755535], [-37.3259146519368, -5.19659539650016], [-37.3259159526071, -5.19659880544974], [-37.3259172532775, -5.19660221439934], [-37.3259185539478, -5.19660562334893], [-37.3259198564221, -5.19660903230332], [-37.3259211589012, -5.19661243944916], [-37.3259224613802, -5.196615846595], [-37.3259237656632, -5.19661925374565], [-37.3259250717502, -5.19662266090109], [-37.3259263760333, -5.1966260680517], [-37.325927683929, -5.1966294734034], [-37.3259289918247, -5.19663287875506], [-37.3259302997205, -5.19663628410674], [-37.3259316094201, -5.19663968946323], [-37.3259329191246, -5.19664309301115], [-37.325934230633, -5.19664649656386], [-37.3259355439454, -5.19664990012139], [-37.3259368572626, -5.19665330187038], [-37.3259381741829, -5.19665670543747], [-37.3259394893088, -5.19666010538268], [-37.3259408080378, -5.19666350714606], [-37.3259421267716, -5.19666690710087], [-37.3259434473141, -5.19667030525191], [-37.3259447696558, -5.19667370521634], [-37.3259460938062, -5.19667710337696], [-37.3259474179615, -5.19668049972906], [-37.3259487457246, -5.19668389609074], [-37.3259500734877, -5.19668729245244], [-37.3259514030595, -5.19669068701038], [-37.3259527362393, -5.19669408157789], [-37.3259540694238, -5.19669747433686], [-37.3259554044075, -5.19670086890915], [-37.3259567412047, -5.19670425986919], [-37.3259580816098, -5.1967076508388], [-37.3259594220197, -5.19671103999985], [-37.3259607642335, -5.19671442916571], [-37.32596211006, -5.19671781653259], [-37.3259634576905, -5.19672120390427], [-37.3259648071297, -5.1967245894722], [-37.3259661583728, -5.19672797504492], [-37.3259675114247, -5.1967313588139], [-37.3259688680845, -5.19673474259247], [-37.325970226553, -5.19673812456726], [-37.3259715868302, -5.19674150473831], [-37.3259729489162, -5.19674488310562], [-37.3259743146052, -5.19674826329104], [-37.3259756821078, -5.19675163986417], [-37.3259770532183, -5.19675501644689], [-37.3259784261374, -5.19675839122585], [-37.3259798026693, -5.19676176420584], [-37.3259811810051, -5.19676513719065], [-37.3259825611497, -5.19676850837171], [-37.3259839449069, -5.19677187775378], [-37.3259853304681, -5.19677524714067], [-37.3259867196467, -5.19677861292005], [-37.3259881124285, -5.19678198051754], [-37.3259895070237, -5.19678534450274], [-37.3259003716517, -5.19655788727538], [-37.3259055616907, -5.19657152846577]]], [[[-37.3259909052316, -5.196788706689], [-37.3259923070474, -5.19679206888481], [-37.325993710672, -5.19679542927689], [-37.3259951179092, -5.19679878787001], [-37.3259965287543, -5.19680214647269], [-37.3259979414129, -5.19680550146312], [-37.3259993594834, -5.19680885646789], [-37.3260007793673, -5.19681220786037], [-37.3260022028592, -5.19681555926244], [-37.326003628155, -5.19681891066928], [-37.3260050588722, -5.19682225847344], [-37.3260064932021, -5.19682560447863], [-37.3260079293407, -5.19682894868006], [-37.3260093690872, -5.19683229289108], [-37.326010814255, -5.19683563349937], [-37.3260122630308, -5.19683897411726], [-37.3260137136201, -5.19684231112285], [-37.3260151678173, -5.19684564813802], [-37.3260166274311, -5.19684898335902], [-37.3260180906624, -5.19685231497253], [-37.3260195575015, -5.19685564659558], [-37.3260210279534, -5.19685897641973], [-37.3260225020226, -5.19686230263635], [-37.3260239796998, -5.19686562886254], [-37.3260254627984, -5.19686895148602], [-37.3260269495048, -5.19687227411909], [-37.3260284398287, -5.19687559314465], [-37.3260299337653, -5.19687891037128], [-37.3260314331137, -5.19688222761224], [-37.3260329378836, -5.19688554125051], [-37.3260344444621, -5.19688885308501], [-37.3260359564573, -5.19689216312535], [-37.3260374720699, -5.19689546955819], [-37.3260389930943, -5.1968987760054], [-37.3260405177314, -5.19690208065366], [-37.32604204779, -5.19690538169919], [-37.3260435814612, -5.19690868094576], [-37.326045120549, -5.19691197839818], [-37.3260466632542, -5.19691527224307], [-37.3260482113714, -5.19691856610233], [-37.3260497649098, -5.19692185635892], [-37.326051322061, -5.1969251448165], [-37.3260528846336, -5.19692842967141], [-37.326054452618, -5.19693171454065], [-37.3260560242198, -5.1969349958024], [-37.3260576012383, -5.19693827526997], [-37.3260591836782, -5.19694155113485], [-37.3260607715347, -5.19694482520555], [-37.3260623630038, -5.1969480974773], [-37.3260639598896, -5.19695136795488], [-37.3260655621968, -5.19695463482972], [-37.3260671699206, -5.1969578999104], [-37.3260687848697, -5.19696116139319], [-37.3260704016276, -5.1969644210722], [-37.326072025606, -5.19696767896181], [-37.326073655001, -5.19697093505728], [-37.3260752898223, -5.19697418574147], [-37.3260769300553, -5.19697743644005], [-37.326075781783516, -5.196974556097819], [-37.3259895070237, -5.19678534450274], [-37.3259909052316, -5.196788706689]]], [[[-37.3260785757098, -5.19698068353591], [-37.32607767605496, -5.196978710477642], [-37.3260769300553, -5.19697743644005], [-37.3260785757098, -5.19698068353591]]], [[[-37.3260802267856, -5.19698392702906], [-37.3260818832781, -5.19698716872803], [-37.32608080860661, -5.196984472819887], [-37.3260785757098, -5.19698068353591], [-37.3260802267856, -5.19698392702906]]], [[[-37.3260838736232, -5.1969910479223], [-37.3260858730072, -5.19699491990635], [-37.3260878796118, -5.19699879010102], [-37.3260898952456, -5.19700265670256], [-37.3260919181096, -5.19700651789761], [-37.3260939481941, -5.1970103773033], [-37.3260959873127, -5.19701423130731], [-37.3260980354606, -5.19701808171818], [-37.3261000908339, -5.19702192853114], [-37.3261021534325, -5.19702577174618], [-37.3261042232612, -5.19702960955474], [-37.3261063021144, -5.19703344557875], [-37.3261083900017, -5.19703727620104], [-37.3261104833103, -5.19704110322064], [-37.3261125856531, -5.19704492483855], [-37.3261146952164, -5.19704874466709], [-37.3261168138138, -5.19705255909395], [-37.3261189396366, -5.19705636992288], [-37.3261210726846, -5.1970601771539], [-37.326123214762, -5.1970639807918], [-37.3261253622656, -5.19706777901843], [-37.3261275187984, -5.19707157365191], [-37.3261296843605, -5.19707536469228], [-37.3261318553441, -5.19707915212994], [-37.3261340353617, -5.19708293416592], [-37.3261362226047, -5.19708671260397], [-37.326138417073, -5.1970904874441], [-37.3261406187714, -5.19709425687779], [-37.3261428294991, -5.19709802271832], [-37.3261450456482, -5.19710178495615], [-37.3261472708266, -5.19710554360084], [-37.3261495032352, -5.19710929683907], [-37.3261517428691, -5.19711304647938], [-37.3261539897331, -5.19711679071323], [-37.3261562438224, -5.19712053134914], [-37.3261585069411, -5.19712426839196], [-37.3261607754812, -5.19712800183202], [-37.3261630530553, -5.19713172987042], [-37.3261653360556, -5.19713545249757], [-37.3261676280804, -5.19713917334012], [-37.3261699273354, -5.19714288877623], [-37.3261722320165, -5.19714659880107], [-37.3261745457222, -5.19715030704132], [-37.3261768666628, -5.19715400806656], [-37.3261791948239, -5.19715770730243], [-37.3261815284112, -5.19716140112705], [-37.3261838710326, -5.19716508954998], [-37.3261862208746, -5.19716877618353], [-37.3261885761475, -5.19717245559731], [-37.3261909404497, -5.19717613141794], [-37.3261933119773, -5.19717980364063], [-37.326195688931, -5.1971834704521], [-37.3261980731101, -5.19718713366562], [-37.3262004645146, -5.19719079328124], [-37.3262028649531, -5.19719444749518], [-37.3262052708178, -5.19719809629786], [-37.3262076821039, -5.19720174149783], [-37.3262101024193, -5.19720538310467], [-37.3262125299696, -5.19720901749651], [-37.326176237735446, -5.1971470366761645], [-37.3260818832781, -5.19698716872803], [-37.3260838736232, -5.1969910479223]]], [[[-37.3262149629366, -5.19721265009416], [-37.32621399540382, -5.197211010770657], [-37.3262125299696, -5.19720901749651], [-37.3262149629366, -5.19721265009416]]], [[[-37.3262174031336, -5.19721627728534], [-37.326216476653784, -5.197214705024997], [-37.32621647662586, -5.197214704977606], [-37.3262149629366, -5.19721265009416], [-37.3262174031336, -5.19721627728534]]], [[[-37.3262198505608, -5.19721989907011], [-37.3262223052134, -5.19722351725692], [-37.3262247670961, -5.19722713003729], [-37.3262272344002, -5.19723073921491], [-37.3262297089344, -5.19723434298609], [-37.326232190694, -5.19723794315935], [-37.3262346778797, -5.19724153792132], [-37.3262371740948, -5.19724512909021], [-37.326239675736, -5.19724871484783], [-37.3262421828034, -5.19725229519419], [-37.3262446989002, -5.19725587194741], [-37.3262472204231, -5.1972594432894], [-37.3262497491713, -5.19726301103345], [-37.3262522833458, -5.19726657336624], [-37.3262548247503, -5.1972701302926], [-37.3262573733803, -5.197273683621], [-37.3262599274364, -5.19727723153818], [-37.3262624887178, -5.1972807758574], [-37.3262650572295, -5.19728431477019], [-37.3262676311672, -5.1972878482717], [-37.3262702123351, -5.19729137636676], [-37.3262727989245, -5.19729490085912], [-37.3262753927391, -5.19729842175355], [-37.3262779919848, -5.19730193542816], [-37.3262805984558, -5.19730544550489], [-37.3262832121569, -5.19730895017511], [-37.3262858312794, -5.19731245124267], [-37.3262884558329, -5.1973159450904], [-37.3262910876118, -5.19731943534023], [-37.326293726616, -5.19732292199212], [-37.3262963710512, -5.19732640142422], [-37.3262990209077, -5.19732987725362], [-37.3263016779897, -5.19733334948506], [-37.3263043405026, -5.19733681449673], [-37.3263070102408, -5.19734027591049], [-37.3263096854101, -5.19734373010446], [-37.3263123677998, -5.19734718250902], [-37.3263150556206, -5.19735062769381], [-37.3263177488628, -5.19735406927587], [-37.3263204493399, -5.19735750364294], [-37.3263231534344, -5.19736093440249], [-37.3263258665582, -5.19736436156893], [-37.3263285833091, -5.19736778151079], [-37.3263313090893, -5.19737119785947], [-37.3262174031336, -5.19721627728534], [-37.3262198505608, -5.19721989907011]]], [[[-37.3263340384965, -5.19737460698362], [-37.3263367733251, -5.19737801250504], [-37.32633446062694, -5.197374872925993], [-37.3263313090893, -5.19737119785947], [-37.3263340384965, -5.19737460698362]]], [[[-37.326339515379, -5.19738141442852], [-37.3263422628639, -5.19738480913223], [-37.326345017579, -5.19738819842947], [-37.3263477777154, -5.19739158412399], [-37.3263505432781, -5.19739496440724], [-37.3263533142669, -5.19739833927929], [-37.326356090682, -5.19740170874005], [-37.3263588743271, -5.19740507279434], [-37.3263616633985, -5.19740843143739], [-37.326364457896, -5.19741178466918], [-37.3263672578149, -5.19741513429826], [-37.3263700631649, -5.19741847670756], [-37.3263728757401, -5.19742181551892], [-37.3263756919376, -5.19742514891424], [-37.3263785153653, -5.19742847690312], [-37.3263813442191, -5.1974317994807], [-37.3263841784991, -5.19743511664706], [-37.3263870182054, -5.19743842840215], [-37.3263898633378, -5.19744173474602], [-37.3263927157003, -5.19744503568338], [-37.3263955716851, -5.19744833120473], [-37.3263983359742, -5.19745151073558], [-37.3264011074936, -5.19745468485997], [-37.3264038826351, -5.19745785356834], [-37.3264066631981, -5.19746101867396], [-37.3264094473833, -5.19746417836354], [-37.3264122387938, -5.19746733445519], [-37.3264150338314, -5.19747048332228], [-37.3264178342904, -5.19747362858666], [-37.3264206401708, -5.19747677024831], [-37.3264234496735, -5.19747990649392], [-37.3264262627983, -5.19748303732351], [-37.3264290831486, -5.19748616455514], [-37.3264319071211, -5.19748928637076], [-37.326434736515, -5.19749240458365], [-37.3264375695263, -5.19749551918901], [-37.3264404061647, -5.19749862656983], [-37.3264432482197, -5.19750173215643], [-37.3263367733251, -5.19737801250504], [-37.326339515379, -5.19738141442852]]], [[[-37.326446095701, -5.19750483233182], [-37.3264489467996, -5.1975079288997], [-37.3264518015206, -5.19751102005152], [-37.3264546616629, -5.1975141076006], [-37.3264575272266, -5.19751719154702], [-37.3264603946087, -5.19752027007256], [-37.3264632674122, -5.19752334499541], [-37.3264661438331, -5.19752641631077], [-37.3264690256802, -5.19752948221484], [-37.3264719093361, -5.19753254631516], [-37.3264748002221, -5.19753560500903], [-37.3264776929216, -5.1975386600906], [-37.3264805910425, -5.19754171156946], [-37.3264834909769, -5.19754475943603], [-37.3264863963376, -5.19754780189133], [-37.3264893053109, -5.19755084254769], [-37.3264922179017, -5.19755387959652], [-37.3264951341148, -5.1975569112293], [-37.3264980557445, -5.19755994106792], [-37.3265009791925, -5.19756296548571], [-37.3265039062532, -5.19756598810453], [-37.3265068369361, -5.19756900530731], [-37.3265097730356, -5.1975720207159], [-37.3265127109487, -5.1975750325122], [-37.326515652484, -5.19757803889246], [-37.3265185976273, -5.19758104528229], [-37.3265215463928, -5.19758404625606], [-37.3265244987758, -5.19758704362235], [-37.3265274547714, -5.19759003918966], [-37.3265304143893, -5.19759302934093], [-37.3265333758159, -5.19759601768844], [-37.3265363408553, -5.19759900423701], [-37.3265393095169, -5.1976019853695], [-37.3265422817911, -5.19760496470304], [-37.3265452558789, -5.19760794042429], [-37.3265482335794, -5.19761091434654], [-37.3265512148974, -5.1976138846613], [-37.3265541980289, -5.1976168513638], [-37.3265571847731, -5.19761981626728], [-37.3265601751347, -5.19762277756329], [-37.3265631673051, -5.19762573705554], [-37.326566161289, -5.19762869293548], [-37.3265691606896, -5.19763164702127], [-37.3265721600998, -5.19763459748994], [-37.3265751649313, -5.19763754435593], [-37.3265781715668, -5.19764049122667], [-37.3265811800159, -5.19764343448513], [-37.3264432482197, -5.19750173215643], [-37.326446095701, -5.19750483233182]]]]}}, {"type": "Feature", "properties": {"bairro": "ITAPETINGA"}, "geometry": {"type": "MultiPolygon", "coordinates": [[[[-37.3686998551808, -5.2154085754202], [-37.3677509063172, -5.21612781536125], [-37.36302904991881, -5.219706624897451], [-37.363051299999995, -5.2197189999999996], [-37.36300495126265, -5.219755197392911], [-37.3631784162051, -5.22013761935278], [-37.36315225465, -5.22068333329833], [-37.3623292600398, -5.22313720592607], [-37.3623029035767, -5.22375734381026], [-37.3623866795166, -5.22400541130769], [-37.3626467091744, -5.22477537997841], [-37.3641747953774, -5.22716096134173], [-37.3643959671897, -5.22775693712128], [-37.3641699656169, -5.2290215701742], [-37.3631539515726, -5.22946052197922], [-37.3628564730286, -5.22976238965446], [-37.3628299213287, -5.23045695180906], [-37.3628226830905, -5.23068319785682], [-37.3629403164926, -5.23086769409205], [-37.3631500777621, -5.23105318651246], [-37.3635946762239, -5.23137685517791], [-37.3647566017638, -5.23182643747699], [-37.3652731414178, -5.23141183759166], [-37.3660982959628, -5.23019838178975], [-37.3670969841997, -5.2297010417972], [-37.3680026134306, -5.22966393104792], [-37.3690377416879, -5.23029813201021], [-37.3695869578502, -5.23106263194682], [-37.3696508730451, -5.23172061811719], [-37.3685989373986, -5.23250726374277], [-37.3667851449328, -5.23355504851747], [-37.3649716892841, -5.23447126334456], [-37.3645773641317, -5.23470704832733], [-37.3643399072597, -5.23518005722537], [-37.3642070289917, -5.2358112154611], [-37.3644854876724, -5.23975885145342], [-37.3649029163756, -5.24073351339485], [-37.3651754365064, -5.24191829851131], [-37.3650549947565, -5.24281261640848], [-37.3645225749324, -5.2456793105149], [-37.3647161787098, -5.2469296713361], [-37.3644350594363, -5.24846203677818], [-37.3638538306707, -5.25049278563879], [-37.3629929437266, -5.25349017629639], [-37.3635121367053, -5.25570180467337], [-37.3637531814229, -5.25748976030211], [-37.3745635647776, -5.25712388711715], [-37.4043234910076, -5.2454499737034], [-37.3776210200301, -5.21420083562091], [-37.376462150753, -5.21275335380363], [-37.3761190103385, -5.21231159094702], [-37.3742431735083, -5.21016391496583], [-37.3741466181802, -5.21035929477675], [-37.3740444154133, -5.21055180459483], [-37.3739366511328, -5.2107412825731], [-37.3738234159399, -5.21092756941363], [-37.3735941274093, -5.21127125407633], [-37.3734083455785, -5.21152246504875], [-37.3732787335534, -5.21168556025858], [-37.3730060806993, -5.21200065232791], [-37.3728632514033, -5.21215240473439], [-37.3725651410455, -5.21244373372431], [-37.3721383590026, -5.21280944033137], [-37.3718992153412, -5.21299029866354], [-37.3692377180747, -5.21500092116294], [-37.3686998551808, -5.2154085754202]]]]}}, {"type": "Feature", "properties": {"bairro": "LAGOA DO MATO"}, "geometry": {"type": "MultiPolygon", "coordinates": [[[[-37.352551063948, -5.19968587805703], [-37.3529011013461, -5.20049862503591], [-37.3529221611893, -5.2005475232992], [-37.3531034324744, -5.20096841339141], [-37.3534084092428, -5.20147325244924], [-37.3549209279387, -5.20248902235054], [-37.355990546143, -5.20407239900389], [-37.3568539113331, -5.2053374848735], [-37.3583177723007, -5.2074744658627], [-37.3585976408486, -5.20788302457431], [-37.3597490996559, -5.20747819699566], [-37.3648639351159, -5.20567990143233], [-37.364119995742, -5.20406814588554], [-37.3628724786445, -5.20136536826748], [-37.3578547390675, -5.20061888511852], [-37.3580296842557, -5.19946296874361], [-37.3584657852592, -5.19658148368129], [-37.3585306228172, -5.19615307174839], [-37.3576380952958, -5.19653114513776], [-37.352551063948, -5.19968587805703]]]]}}, {"type": "Feature", "properties": {"bairro": "MONSENHOR ALFREDO SIMONETI"}, "geometry": {"type": "MultiPolygon", "coordinates": [[[[-37.350253579614, -5.15965340784938], [-37.3508583683543, -5.16250151541288], [-37.3509105652745, -5.16274732398187], [-37.3509538862652, -5.16289506156391], [-37.3509998807069, -5.16304199534565], [-37.3510097524672, -5.16307235799838], [-37.3510161349209, -5.16309178237838], [-37.3510753184973, -5.16326492073368], [-37.3510972381216, -5.16332610745373], [-37.3511814953603, -5.16354870666458], [-37.3512719712271, -5.16376887154711], [-37.3513685949242, -5.16398642982372], [-37.3514688686108, -5.16419632077394], [-37.3515748755759, -5.16440339829495], [-37.3516865363174, -5.16460750708715], [-37.3518037670926, -5.16480849407753], [-37.3519264799819, -5.16500620853441], [-37.3520545829537, -5.16520050218054], [-37.352150459897, -5.16533868388503], [-37.3550482176248, -5.16346325449932], [-37.3551363698757, -5.16354307839951], [-37.3565923765234, -5.16275155963271], [-37.3568359812293, -5.16289495031136], [-37.3620687670226, -5.15574017624813], [-37.3596243017414, -5.15401121233915], [-37.3577419386948, -5.15541697609139], [-37.356916738831686, -5.155792361938677], [-37.3567977084576, -5.15584909275827], [-37.3564700940576, -5.15599554196142], [-37.3562081081338, -5.15586418213367], [-37.3561360878326, -5.15582807211559], [-37.35612812956678, -5.1558236258084795], [-37.3540780279558, -5.15479297616047], [-37.3534620409262, -5.15472743014101], [-37.3522728984583, -5.15425000762817], [-37.3521704082534, -5.1542088592251], [-37.3497832615026, -5.15577219026691], [-37.3494726127118, -5.15597563134748], [-37.3496055209066, -5.15660153814627], [-37.350253579614, -5.15965340784938]]]]}}, {"type": "Feature", "properties": {"bairro": "NOVA BETÂNIA"}, "geometry": {"type": "MultiPolygon", "coordinates": [[[[-37.3501217195223, -5.18287360312493], [-37.350371015182, -5.18318625737622], [-37.3511936876669, -5.18422299848498], [-37.3519219190525, -5.18514071871215], [-37.3519221779699, -5.18514104673886], [-37.3524266842575, -5.18577682565866], [-37.3528186858966, -5.1862708283584], [-37.3530338184658, -5.18654193719438], [-37.3549734895421, -5.18898629812252], [-37.3549793656976, -5.18899370326455], [-37.3550505592551, -5.18908342038547], [-37.3558967701044, -5.19036165722715], [-37.3566564587445, -5.19005459201139], [-37.3567130846636, -5.19001716072714], [-37.3593796408604, -5.18825453883533], [-37.3604672890479, -5.18753558477827], [-37.3605030811667, -5.18751192555361], [-37.3605046180556, -5.18751091040594], [-37.3606410019626, -5.18742075833903], [-37.3607314840269, -5.18735962972675], [-37.3608324003358, -5.18729145118413], [-37.3608588510189, -5.18727358047913], [-37.3611341136717, -5.18708761627023], [-37.3611966161839, -5.187045387019], [-37.3611966378686, -5.1870453726066], [-37.3615056336535, -5.18683661527936], [-37.3615910610876, -5.18677890245686], [-37.3625601455429, -5.18612419138876], [-37.3631010371175, -5.18575876471542], [-37.3631357434005, -5.18583511168967], [-37.3631366975428, -5.18583447030487], [-37.3632393802618, -5.18606219448057], [-37.3635598769336, -5.18590674824095], [-37.3648431575014, -5.1852843314985], [-37.3693586624561, -5.18309419377858], [-37.3695868075514, -5.18298353566402], [-37.3673696399742, -5.18029643184611], [-37.3636291802785, -5.17576311607788], [-37.3599748773271, -5.17258833941337], [-37.3599447543098, -5.17261963310022], [-37.359863568296, -5.17270397413847], [-37.356185541919, -5.17657685705649], [-37.3506436013152, -5.18232682590878], [-37.3501227932759, -5.18287344496312], [-37.350122370724, -5.1828729157579], [-37.3501217195223, -5.18287360312493]]]]}}, {"type": "Feature", "properties": {"bairro": "PAREDÕES"}, "geometry": {"type": "MultiPolygon", "coordinates": [[[[-37.3294643540099, -5.17938885064912], [-37.3294504134221, -5.17939708436464], [-37.3294394229299, -5.17945038596719], [-37.3294285478458, -5.17950370234198], [-37.3294179035957, -5.17955704283646], [-37.3294076055863, -5.17961042403227], [-37.3293977674299, -5.17966385888927], [-37.3293885081507, -5.17971736038157], [-37.3293799413658, -5.17977093966053], [-37.3293721824821, -5.17982461330789], [-37.3293682746968, -5.17985434283701], [-37.3293646410176, -5.1798841056436], [-37.3293612706261, -5.17991389989052], [-37.3293581581057, -5.17994372737203], [-37.3293552908294, -5.17997358805483], [-37.3293526615862, -5.18000348011133], [-37.3293502613566, -5.18003340351775], [-37.3293480829204, -5.18006336006357], [-37.3293461136504, -5.18009334971548], [-37.3293443481395, -5.18012337065065], [-37.3293427737558, -5.18015342464429], [-37.3293413868962, -5.18018350987838], [-37.3293401731249, -5.18021362812332], [-37.329339128834, -5.18024377936962], [-37.3293382395971, -5.18027396177066], [-37.3293375000026, -5.18030417531213], [-37.3293365616369, -5.18036130140519], [-37.329336563068, -5.18041844263931], [-37.3293379411058, -5.180475498889], [-37.329341136159, -5.18053237365533], [-37.3293465886457, -5.18058896682236], [-37.3293547353765, -5.18064517826459], [-37.3293660185739, -5.18070090787083], [-37.329380875044, -5.18075605732415], [-37.3293969141455, -5.18080324684174], [-37.3294158760018, -5.18084959224847], [-37.3294376731014, -5.1808947587309], [-37.3294622179232, -5.18093841509256], [-37.3294894211515, -5.18098022651519], [-37.3295191952795, -5.18101985637655], [-37.3295514491777, -5.18105697347054], [-37.3295860989421, -5.18109124299298], [-37.329617443767, -5.18111802361294], [-37.3296503220767, -5.18114268503943], [-37.3296845926492, -5.18116542403164], [-37.3297201124678, -5.18118643372686], [-37.3297567421238, -5.18120590727203], [-37.3297943404044, -5.18122403780931], [-37.3298327624796, -5.18124102208842], [-37.3298718707445, -5.18125705326112], [-37.3299115221826, -5.18127232446495], [-37.3299515755763, -5.18128703065072], [-37.329991889713, -5.1813013649608], [-37.3300323233753, -5.18131552234617], [-37.3300727335418, -5.18132969775305], [-37.3301129790049, -5.18134408251536], [-37.3301529203461, -5.18135887339755], [-37.3301924145539, -5.18137426172886], [-37.3302340072097, -5.18139152383296], [-37.3302750422481, -5.1814095530986], [-37.3303156354796, -5.18142821238156], [-37.3303559027152, -5.18144736453746], [-37.330395959775, -5.18146686880487], [-37.3304359188525, -5.18148659164694], [-37.3304758975766, -5.18150639049839], [-37.3305160081456, -5.18152613001377], [-37.3305526529728, -5.18154396863389], [-37.3305893337098, -5.18156187245526], [-37.3306258729708, -5.18158007069613], [-37.3306621041939, -5.18159879260338], [-37.3306978518019, -5.18161826559157], [-37.3307329474242, -5.18163872071148], [-37.3307672154837, -5.18166038537776], [-37.3308004858106, -5.18168348882798], [-37.330833654124, -5.18170903355624], [-37.3308656167668, -5.1817362028012], [-37.3308964192497, -5.18176483933889], [-37.3309260980542, -5.18179478953867], [-37.3309547022988, -5.18182589618607], [-37.3309822684649, -5.18185800565036], [-37.3310088438622, -5.18189096252078], [-37.3310344685896, -5.18192460955903], [-37.3310586614882, -5.18195807377249], [-37.3310820233013, -5.18199202771991], [-37.3311045937762, -5.18202644799504], [-37.3311264108614, -5.18206130937826], [-37.331147510687, -5.18209659207082], [-37.3311679330053, -5.18213227085796], [-37.3311877175686, -5.1821683205248], [-37.3312069005072, -5.18220472127258], [-37.3312225121724, -5.18223543916281], [-37.3312376975233, -5.18226638199769], [-37.3312524204818, -5.18229754968209], [-37.3312666503814, -5.18232894213509], [-37.331280352962, -5.18236055384068], [-37.3312934939446, -5.18239238651696], [-37.3313060426721, -5.18242443646598], [-37.3313179612624, -5.18245670358777], [-37.3313319074559, -5.18249721945109], [-37.3313448751066, -5.18253804742152], [-37.3313569129815, -5.18257916411651], [-37.3313680680294, -5.1826205515744], [-37.3313783908165, -5.18266218822591], [-37.3313879265069, -5.18270404887044], [-37.3313967256524, -5.1827461173643], [-37.3314048352211, -5.18278836851167], [-37.3314123039752, -5.18283078073856], [-37.3314191806677, -5.18287333608794], [-37.3314255140703, -5.18291600936878], [-37.3314313511321, -5.18295878261931], [-37.3314367406203, -5.18300163245703], [-37.3314417294932, -5.18304453730312], [-37.3314463683126, -5.18308747739688], [-37.3314507058455, -5.18313042935572], [-37.3314551336447, -5.1831774779293], [-37.3314591249258, -5.18322451449996], [-37.3314625462184, -5.18327153148132], [-37.3314652694351, -5.18331853215247], [-37.3314671593064, -5.18336550711377], [-37.3314680859458, -5.18341245783097], [-37.3314679176819, -5.18345937853094], [-37.3314665228336, -5.18350626705759], [-37.3314631400726, -5.18356208459921], [-37.3314579788481, -5.18361782329719], [-37.3314511925538, -5.18367346004487], [-37.3314429291764, -5.18372896991273], [-37.3314333403248, -5.18378432255526], [-37.3314225793977, -5.18383949305728], [-37.3314107961811, -5.18389445830268], [-37.3313981386717, -5.18394918974506], [-37.3313911175948, -5.18397812617714], [-37.3313838946687, -5.18400698973408], [-37.3313764716877, -5.18403578403767], [-37.3313688486614, -5.18406450547087], [-37.3313610273746, -5.18409316127258], [-37.3313530078368, -5.18412174782564], [-37.3313447954455, -5.18415027057001], [-37.3313363866024, -5.18417872587904], [-37.3313277849057, -5.18420711737932], [-37.3313189903507, -5.18423544687941], [-37.3313100065452, -5.18426371438877], [-37.3313008298765, -5.18429192170642], [-37.3312914675605, -5.18432006885141], [-37.3312819177882, -5.18434815762746], [-37.3312721805551, -5.18437618984315], [-37.3312622594688, -5.18440416550795], [-37.3312521527208, -5.18443208642565], [-37.3312418657179, -5.18445995441904], [-37.3312313966564, -5.18448776948336], [-37.3312207473399, -5.18451553162332], [-37.3312099195631, -5.18454324446081], [-37.3311989133258, -5.18457090799574], [-37.3311877304271, -5.18459852404145], [-37.3311763744798, -5.18462609079891], [-37.3311648418615, -5.18465361368416], [-37.331153137989, -5.18468109090296], [-37.3311412628525, -5.18470852607237], [-37.3311292164569, -5.18473591738385], [-37.3311170006013, -5.18476326665066], [-37.3311046170801, -5.18479057749464], [-37.331092067702, -5.18481784811203], [-37.3310793506535, -5.18484508211507], [-37.3310650220915, -5.18487529416938], [-37.3310504502275, -5.18490541877001], [-37.3310356027143, -5.18493540880912], [-37.3310204363626, -5.18496522438449], [-37.3310049188254, -5.18499481838827], [-37.3309890105257, -5.18502414911918], [-37.3309726718916, -5.18505317306743], [-37.3309558669586, -5.18508184673271], [-37.3309385597625, -5.18511012661476], [-37.3309207089321, -5.18513796739036], [-37.3309022803069, -5.18516532556405], [-37.3308832343101, -5.18519215943449], [-37.3308635331735, -5.18521842549663], [-37.3308431409423, -5.18524407663299], [-37.330822018035, -5.18526907295087], [-37.3308001284921, -5.18529336914135], [-37.3307599797074, -5.18533410208602], [-37.3307176265997, -5.18537274394291], [-37.3306733302667, -5.18540947444792], [-37.3306273427864, -5.18544447331322], [-37.3305799252422, -5.18547792570043], [-37.3305557605539, -5.18549412620741], [-37.3305313351332, -5.18551000771903], [-37.3305066795849, -5.18552559382726], [-37.3304818263319, -5.18554090270326], [-37.3304568095774, -5.18555596156564], [-37.330431659931, -5.1855707921979], [-37.3303849616103, -5.18559758013496], [-37.3303378850032, -5.18562347545116], [-37.3302903945356, -5.18564828634583], [-37.3302424564417, -5.18567181921457], [-37.3301940333341, -5.18569388586895], [-37.3301450932417, -5.18571429632643], [-37.3300955987866, -5.18573285878164], [-37.3300455125909, -5.18574938142908], [-37.3300039710266, -5.18576131845268], [-37.3299620434287, -5.18577187995269], [-37.3299197673517, -5.18578119081846], [-37.3298771749289, -5.1857893795422], [-37.3298343037193, -5.18579656920478], [-37.3297911894687, -5.18580288649934], [-37.3297478679324, -5.18580845450201], [-37.3297043730473, -5.18581340170968], [-37.3296607405638, -5.18581785300707], [-37.3296170062322, -5.18582193327872], [-37.3295732076115, -5.18582576560552], [-37.3295293750259, -5.18582948028343], [-37.329485547843, -5.18583319858951], [-37.3294417618034, -5.18583704902545], [-37.3293980508582, -5.18584115466261], [-37.3293544489488, -5.18584564218936], [-37.3293077798862, -5.18585099694552], [-37.3292612609401, -5.18585688923494], [-37.3292148741904, -5.18586327379634], [-37.3291686017167, -5.1858701053686], [-37.3291224238041, -5.18587733506863], [-37.3290763225275, -5.18588491944379], [-37.329030281785, -5.1858928078121], [-37.3289842800387, -5.18590095851985], [-37.3289383011867, -5.185909320885], [-37.3288923254999, -5.18591785145015], [-37.3288463350629, -5.18592650314555], [-37.328800313764, -5.18593522890623], [-37.3287542400753, -5.18594398346146], [-37.3287080978899, -5.18595271793773], [-37.3286618656751, -5.18596138887285], [-37.3286155291232, -5.1859699492066], [-37.3285716546953, -5.18597791379947], [-37.3285277118232, -5.18598583841979], [-37.328483747147, -5.18599382266123], [-37.3284398055027, -5.18600196611273], [-37.3283959317266, -5.18601036836322], [-37.3283521706499, -5.18601913081011], [-37.3283085653096, -5.1860283512291], [-37.3282651605321, -5.18603813282612], [-37.3282220029621, -5.18604857338635], [-37.3281791338325, -5.18605977068069], [-37.3281365997689, -5.18607182972844], [-37.3280944456167, -5.18608484650148], [-37.3280527143984, -5.18609892420104], [-37.3280114527632, -5.18611415880382], [-37.3279707037335, -5.18613065351108], [-37.3279305121452, -5.18614850791176], [-37.327899134469, -5.18616364928826], [-37.3278681423056, -5.18617967606423], [-37.3278375429467, -5.18619655932209], [-37.327807345488, -5.18621427014916], [-37.3277775572211, -5.18623277962795], [-37.3277481872368, -5.18625206065425], [-37.327719244631, -5.18627208431538], [-37.3276907330873, -5.18629282168426], [-37.3276626671133, -5.18631424386252], [-37.3276350503881, -5.18633632373166], [-37.3276078920121, -5.18635903057045], [-37.3275812028754, -5.18638233908805], [-37.3275549866666, -5.18640621854886], [-37.3275292560895, -5.1864306400498], [-37.327504014823, -5.18645557647237], [-37.3274792737669, -5.18648099890861], [-37.3274543346386, -5.1865076542508], [-37.3274299444594, -5.18653478307587], [-37.3274061194933, -5.18656237457556], [-37.3273828723962, -5.18659041793222], [-37.3273602176326, -5.18661890052425], [-37.3273381660453, -5.18664781514629], [-37.3273167321083, -5.18667714555977], [-37.3272959266641, -5.18670688455919], [-37.3272757677854, -5.18673701953268], [-37.3272562627211, -5.18676753783962], [-37.3272374295294, -5.18679843229366], [-37.327219277268, -5.18682968845048], [-37.327201820397, -5.18686129549712], [-37.3271850733714, -5.18689324442918], [-37.3271690488521, -5.18692552262036], [-37.3271537594998, -5.1869581174445], [-37.3271360706039, -5.18699836693613], [-37.3271194034206, -5.18703903871488], [-37.3271036660553, -5.18708009274953], [-37.3270887611916, -5.18712149261151], [-37.3270745951309, -5.18716319826484], [-37.3270610723561, -5.1872051750942], [-37.3270480991685, -5.18724738306357], [-37.3270355800605, -5.18728978394054], [-37.3270234195199, -5.18733234130133], [-37.3270115256517, -5.18737501511455], [-37.3269998011349, -5.18741777076012], [-37.3269881504668, -5.18746056819709], [-37.3269764817475, -5.18750336920261], [-37.3269646976655, -5.18754613553944], [-37.3269527045077, -5.187588832597], [-37.3269404085845, -5.187631416722], [-37.3269280636183, -5.18767275824222], [-37.3269153365953, -5.18771395587452], [-37.3269022221087, -5.18775500779601], [-37.3268887165647, -5.18779590857146], [-37.3268748145564, -5.18783665637798], [-37.3268605124901, -5.18787724578033], [-37.326845806758, -5.18791767676892], [-37.3268306901587, -5.18795794389898], [-37.326815159089, -5.18799804535236], [-37.326799211764, -5.1880379738901], [-37.3267828409632, -5.18807773130155], [-37.3267660430978, -5.18811731034297], [-37.3267488145647, -5.18815670919623], [-37.326731148153, -5.18819592603357], [-37.3267130420777, -5.18823495361607], [-37.326694490927, -5.1882737919293], [-37.3266804239744, -5.18830250338577], [-37.3266661011687, -5.18833109841666], [-37.3266515135235, -5.18835956433828], [-37.3266366520525, -5.18838788846693], [-37.3266215077554, -5.18841606354459], [-37.3266060734544, -5.18844407508381], [-37.3265903383498, -5.18847191401318], [-37.3265742970634, -5.18849956765856], [-37.3265579387953, -5.18852702694863], [-37.3265412563632, -5.18855427920442], [-37.3265242371683, -5.18858131354125], [-37.3265068776314, -5.18860811909827], [-37.3264891669574, -5.1886346849956], [-37.3264710979593, -5.18866100036286], [-37.3264526598422, -5.18868705432009], [-37.3264338436199, -5.18871283418357], [-37.3264067118824, -5.18874864574546], [-37.3263788401983, -5.18878389831153], [-37.3263502538226, -5.18881859194857], [-37.3263209798092, -5.18885272853672], [-37.3262910398005, -5.18888630994174], [-37.3262604590418, -5.18891933984753], [-37.3262292645921, -5.18895181832568], [-37.3261974780889, -5.18898374905055], [-37.3261651265816, -5.18901513571077], [-37.326132235325, -5.1890459783732], [-37.3260988259662, -5.18907627709515], [-37.3260649255452, -5.18910603918236], [-37.3260305575177, -5.18913526288835], [-37.3259957471339, -5.18916395008856], [-37.3259605196393, -5.1891921044669], [-37.3259248984753, -5.18921972970252], [-37.3258936426523, -5.18924331716235], [-37.3258621460315, -5.18926655131454], [-37.3258304427541, -5.18928948288897], [-37.325798572387, -5.18931215720423], [-37.3257665690857, -5.18933461956451], [-37.325734472403, -5.18935692071405], [-37.3257023164941, -5.18937910595709], [-37.3256701391125, -5.1894012242245], [-37.3256379762129, -5.18942332263389], [-37.3256058655583, -5.1894454464991], [-37.3255738430983, -5.18946764474623], [-37.3255419465866, -5.18948996630622], [-37.3255102083792, -5.18951245467004], [-37.3254786698327, -5.18953516058669], [-37.3254473669016, -5.18955813117379], [-37.325416335545, -5.18958141174046], [-37.3253863095338, -5.18960448156151], [-37.325356524483, -5.18962784138704], [-37.3253269336097, -5.18965144587939], [-37.3252974847385, -5.18967524245229], [-37.3252681274884, -5.18969918214137], [-37.3252388114832, -5.1897232141737], [-37.3252094845379, -5.18974728958012], [-37.3251800962762, -5.18977135758765], [-37.3251505981162, -5.18979537104519], [-37.3251209378827, -5.18981927736648], [-37.3250910633954, -5.18984302577377], [-37.3250609278717, -5.18986657092923], [-37.3250304773323, -5.18988986024177], [-37.3249996632049, -5.18991284294319], [-37.3249684333046, -5.18993547006424], [-37.3249367372504, -5.1899576926404], [-37.3248940955975, -5.18998649281186], [-37.3248511066956, -5.19001494662544], [-37.3248083249599, -5.19004350768864], [-37.3247663084229, -5.19007262600165], [-37.3247256133084, -5.19010275336852], [-37.32468679584, -5.19013434159339], [-37.324650412246, -5.19016784067212], [-37.3246170205443, -5.19020370603093], [-37.32459590981, -5.19023008738555], [-37.3245763489963, -5.19025770628031], [-37.3245581958989, -5.19028644659114], [-37.3245413010832, -5.19031619760027], [-37.3245255187226, -5.19034684859953], [-37.3245107029954, -5.19037828707218], [-37.3244967080797, -5.1904104005015], [-37.3244833899577, -5.19044307637547], [-37.3244705991948, -5.19047620397627], [-37.3244581935771, -5.19050967079669], [-37.3244460236701, -5.19054336611881], [-37.3244339454607, -5.19057717562206], [-37.3244218131222, -5.19061098859815], [-37.3244094808327, -5.19064469253013], [-37.3243968009618, -5.19067817670487], [-37.3243836294866, -5.19071133041879], [-37.3243657709978, -5.19075351262617], [-37.3243471798269, -5.19079511776989], [-37.3243281892892, -5.19083630226943], [-37.3243091308773, -5.19087722977363], [-37.3242903360979, -5.19091805850586], [-37.3242721364482, -5.19095895030663], [-37.3242548652297, -5.19100006702124], [-37.3242388521453, -5.19104156686839], [-37.3242238255059, -5.19108523235536], [-37.3242104155474, -5.19112944650454], [-37.3241985177474, -5.19117416925068], [-37.3241880311865, -5.19121936234662], [-37.3241788549454, -5.19126498754522], [-37.3241708845112, -5.19131100116406], [-37.3241640189551, -5.191357368573], [-37.3241581573719, -5.1914040460992], [-37.3241531952296, -5.19145099729435], [-37.3241490316183, -5.19149818029414], [-37.32414556381, -5.191545558655], [-37.3241426890954, -5.19159308869926], [-37.3241403047466, -5.19164073398333], [-37.3241383116477, -5.19168845626468], [-37.3241366052859, -5.19173621186081], [-37.3241350847367, -5.19178396433286], [-37.324133845215, -5.19182571498126], [-37.3241327266748, -5.191867420737], [-37.324131788684, -5.19190906728978], [-37.3241310890016, -5.19195064213316], [-37.3241306853822, -5.19199213456912], [-37.3241306374031, -5.19203352667039], [-37.3241309992013, -5.19207481134649], [-37.3241318339527, -5.19211597429675], [-37.3241331976173, -5.19215700120137], [-37.3241351461505, -5.1921978795491], [-37.3241377427185, -5.19223859865634], [-37.3241410432815, -5.19227914420331], [-37.3241451037995, -5.19231950187017], [-37.3241499856304, -5.19235966277714], [-37.3241557447389, -5.19239961079585], [-37.3241624406836, -5.19243933523318], [-37.3241682610715, -5.19246974151773], [-37.3241746554768, -5.192500010068], [-37.324181611253, -5.19253014808462], [-37.324189113964, -5.1925601573378], [-37.3241971491688, -5.19259004140633], [-37.3242057042257, -5.19261980568232], [-37.3242147628851, -5.19264945554821], [-37.3242243125196, -5.19267899097054], [-37.3242343404778, -5.19270842095842], [-37.3242448305244, -5.19273774546878], [-37.3242557700177, -5.19276696989365], [-37.324267144512, -5.19279609962041], [-37.3242789395711, -5.1928251364192], [-37.3242911407446, -5.19285408748587], [-37.3243037372088, -5.19288295279169], [-37.3243167109055, -5.19291173952291], [-37.3243300510064, -5.19294044945929], [-37.3243437412618, -5.19296908798334], [-37.3243577690299, -5.19299766048717], [-37.3243721180706, -5.1930261687362], [-37.3243867775508, -5.19305461631872], [-37.3244017330201, -5.19308301043057], [-37.324416968243, -5.19311135102868], [-37.3244324723722, -5.19313964712693], [-37.3244482273683, -5.19316789867746], [-37.3244642223983, -5.1931961092686], [-37.3244804430117, -5.19322428609617], [-37.3244968747675, -5.1932524327389], [-37.3245135032294, -5.19328055096703], [-37.324530313947, -5.19330864797639], [-37.3245472942927, -5.19333672373346], [-37.3245644298161, -5.19336478543404], [-37.3245877378987, -5.1934026152095], [-37.3246110535336, -5.19344031840668], [-37.324634129864, -5.19347778766592], [-37.3246567182193, -5.19351491923999], [-37.3246785699384, -5.19355160576451], [-37.3246994363602, -5.19358773987516], [-37.324719070618, -5.19362321782946], [-37.3247372222513, -5.19365793044976], [-37.324753198514, -5.19369052310339], [-37.3247683911606, -5.19372269951969], [-37.3247836145373, -5.1937548525065], [-37.3247996794017, -5.19378736762803], [-37.324817398306, -5.19382063407026], [-37.3248375820034, -5.19385503920581], [-37.3248610448457, -5.19389097403395], [-37.3248885993955, -5.19392882412344], [-37.3251581029006, -5.19429462200564], [-37.325363858949, -5.19439523684013], [-37.3267017815066, -5.19504948215271], [-37.3268396266674, -5.19510425610196], [-37.3289121284399, -5.19592778161794], [-37.3298862055187, -5.19504411596047], [-37.3300422081081, -5.19489331584402], [-37.3302023478277, -5.19474687989828], [-37.3303665016236, -5.19460492065017], [-37.3305345433572, -5.19446754718662], [-37.3307063439024, -5.19433486507076], [-37.3308817712448, -5.19420697626073], [-37.3310606905831, -5.19408397903141], [-37.3312429644327, -5.19396596789881], [-37.3320973442699, -5.19336398103374], [-37.3322807915758, -5.19323433661636], [-37.3342399666139, -5.19184976428854], [-37.3362020434829, -5.19053896184341], [-37.3389733636226, -5.18875740814206], [-37.3391961122266, -5.18861421313142], [-37.3400927426667, -5.18803780524329], [-37.3392466380177, -5.18660595911935], [-37.3372257343747, -5.18325160850245], [-37.3351357273981, -5.17979266079386], [-37.3334901035362, -5.17701116184972], [-37.3328535113808, -5.17738714962318], [-37.3304984607471, -5.17877809077062], [-37.3294643540099, -5.17938885064912]]]]}}, {"type": "Feature", "properties": {"bairro": "PINTOS"}, "geometry": {"type": "MultiPolygon", "coordinates": [[[[-37.3267526066198, -5.1978053982346], [-37.32675368029276, -5.197806006250395], [-37.32661599042478, -5.197676323337935], [-37.3267526066198, -5.1978053982346]]], [[[-37.3265830396548, -5.19764519147081], [-37.32657864520033, -5.1976406817136525], [-37.3265811800159, -5.19764343448513], [-37.3265830396548, -5.19764519147081]]], [[[-37.3264432482197, -5.19750173215643], [-37.32634229783178, -5.197384012035971], [-37.3263367733251, -5.19737801250504], [-37.3264432482197, -5.19750173215643]]], [[[-37.32633446062694, -5.197374872925993], [-37.3263367733251, -5.19737801250504], [-37.32633449225406, -5.197374909806961], [-37.32633446062694, -5.197374872925993]]], [[[-37.326216469075696, -5.197214692164782], [-37.32621552878145, -5.197213096460986], [-37.32621399540382, -5.197211010770657], [-37.3262149629366, -5.19721265009416], [-37.326216476653784, -5.197214705024997], [-37.326216469075696, -5.197214692164782]]], [[[-37.32608080860661, -5.196984472819887], [-37.3260818832781, -5.19698716872803], [-37.32617623773572, -5.197147036676634], [-37.32611900216221, -5.197049288277241], [-37.32608080860661, -5.196984472819887]]], [[[-37.325358455027, -5.19517382978508], [-37.325358709319, -5.19517453760247], [-37.32538736119911, -5.195247711546076], [-37.326075781783516, -5.196974556097819], [-37.32607767605496, -5.196978710477642], [-37.32608029348594, -5.196983180594265], [-37.3253533639343, -5.19515961374123], [-37.3253559067724, -5.19516672266024], [-37.325358455027, -5.19517382978508]]], [[[-37.3253284121631, -5.19508838655826], [-37.3253259704224, -5.19508124897088], [-37.3253235413188, -5.19507410779995], [-37.3253211230484, -5.19506696304067], [-37.3253187174152, -5.19505981469783], [-37.3253163244143, -5.19505266458001], [-37.3253139422514, -5.19504550906528], [-37.3253115745249, -5.19503835178034], [-37.3253092212441, -5.19503118910811], [-37.3253068805958, -5.19502402466086], [-37.3253045561972, -5.19501685483107], [-37.3253022444358, -5.19500968141777], [-37.3252999489194, -5.19500250443046], [-37.3252976678441, -5.19499532386442], [-37.3252954030138, -5.19498813972441], [-37.3252931544333, -5.19498095020186], [-37.3252909220978, -5.19497375710535], [-37.3252887060121, -5.19496655862631], [-37.3252865079753, -5.19495935657812], [-37.3252843261836, -5.19495215095592], [-37.3252821642495, -5.19494493996081], [-37.3252800203691, -5.19493772358796], [-37.3252778945377, -5.19493050364594], [-37.32527578676, -5.19492327832621], [-37.3252737006392, -5.19491604944684], [-37.3252716343807, -5.19490881338599], [-37.3252695861712, -5.19490157375598], [-37.3252675596233, -5.19489432875782], [-37.325265554737, -5.19488707839148], [-37.3252635697036, -5.19487982446079], [-37.3252616081405, -5.19487256335817], [-37.3252596664351, -5.19486529688264], [-37.3252577481951, -5.19485802504372], [-37.3252558534207, -5.19485074784148], [-37.3252539803079, -5.19484346527107], [-37.3252521306606, -5.19483617733728], [-37.3252503062828, -5.19482888404494], [-37.3252485053752, -5.19482158358072], [-37.3252467297372, -5.1948142777579], [-37.3252449793685, -5.19480696657652], [-37.3252432524702, -5.19479964822325], [-37.3252415526453, -5.19479232451619], [-37.3252404237525, -5.19478739865115], [-37.3252393074968, -5.19478246920252], [-37.3252382038734, -5.19477753797891], [-37.3252371092793, -5.19477260316215], [-37.3252360273175, -5.19476766657037], [-37.3252349543802, -5.19476272819399], [-37.32523389408, -5.19475778623407], [-37.325232842809, -5.194752840681], [-37.3252318023617, -5.19474789515667], [-37.3252307727523, -5.19474294423548], [-37.3252297521626, -5.1947379933382], [-37.3252287406021, -5.19473303884783], [-37.3252277398701, -5.19472808257761], [-37.3252267481625, -5.19472312452281], [-37.3252257672833, -5.19471816468822], [-37.3252247936294, -5.19471320125571], [-37.3252238289999, -5.19470823603861], [-37.3252228733949, -5.1947032690369], [-37.3252219250105, -5.1946983002458], [-37.3252209856553, -5.19469332786159], [-37.3252200553197, -5.19468835550128], [-37.3252191322047, -5.19468338135164], [-37.325218216315, -5.19467840360406], [-37.325217309445, -5.19467342588042], [-37.3252164079963, -5.19466844455408], [-37.3252155155673, -5.19466346325168], [-37.3252146285597, -5.19465847834658], [-37.3252137487678, -5.19465349346061], [-37.3252128761965, -5.19464850678527], [-37.3252120090417, -5.19464351831578], [-37.3252111491075, -5.19463852805689], [-37.325210294585, -5.19463353781235], [-37.3252094472879, -5.19462854396992], [-37.3252086035987, -5.19462355013706], [-37.3252077671299, -5.1946185545148], [-37.3252069360777, -5.19461355709838], [-37.3252061086335, -5.19460855969154], [-37.3252052884097, -5.19460356049532], [-37.3252044717986, -5.19459855950014], [-37.3252036587954, -5.19459355851454], [-37.3252028512087, -5.19458855573477], [-37.3252020490339, -5.19458355296937], [-37.3252012486677, -5.19457854840021], [-37.3252004537182, -5.19457354203688], [-37.3251996605726, -5.19456853567836], [-37.3251988728388, -5.19456352933419], [-37.3251980869137, -5.19455852118627], [-37.3251973064052, -5.19455351124419], [-37.3251965276958, -5.19454850311543], [-37.3251957507952, -5.19454349318292], [-37.3251949775072, -5.19453848145147], [-37.3251942060184, -5.19453347153333], [-37.325193436343, -5.1945284580029], [-37.3251926702708, -5.1945234462906], [-37.3251919041985, -5.1945184345783], [-37.3251911417389, -5.19451342106703], [-37.3251903792794, -5.19450840755578], [-37.3251896186237, -5.1945033940493], [-37.325188857968, -5.19449838054286], [-37.3251880991211, -5.19449336523262], [-37.325187342078, -5.19448834992721], [-37.3251865850302, -5.19448333643031], [-37.3251850709394, -5.19447330762803], [-37.3251661112146, -5.19434768798419], [-37.3251581029006, -5.19429462200564], [-37.3248885993955, -5.19392882412344], [-37.3248610448457, -5.19389097403395], [-37.3248375820034, -5.19385503920581], [-37.324817398306, -5.19382063407026], [-37.3247996794017, -5.19378736762803], [-37.3247836145373, -5.1937548525065], [-37.3247683911606, -5.19372269951969], [-37.324753198514, -5.19369052310339], [-37.3247372222513, -5.19365793044976], [-37.324719070618, -5.19362321782946], [-37.3246994363602, -5.19358773987516], [-37.3246785699384, -5.19355160576451], [-37.3246567182193, -5.19351491923999], [-37.324634129864, -5.19347778766592], [-37.3246110535336, -5.19344031840668], [-37.3245877378987, -5.1934026152095], [-37.3245644298161, -5.19336478543404], [-37.3245472942927, -5.19333672373346], [-37.324530313947, -5.19330864797639], [-37.3245135032294, -5.19328055096703], [-37.3244968747675, -5.1932524327389], [-37.3244804430117, -5.19322428609617], [-37.3244642223983, -5.1931961092686], [-37.3244482273683, -5.19316789867746], [-37.3244324723722, -5.19313964712693], [-37.324416968243, -5.19311135102868], [-37.3244017330201, -5.19308301043057], [-37.3243867775508, -5.19305461631872], [-37.3243721180706, -5.1930261687362], [-37.3243577690299, -5.19299766048717], [-37.3243437412618, -5.19296908798334], [-37.3243300510064, -5.19294044945929], [-37.3243167109055, -5.19291173952291], [-37.3243037372088, -5.19288295279169], [-37.3242911407446, -5.19285408748587], [-37.3242789395711, -5.1928251364192], [-37.324267144512, -5.19279609962041], [-37.3242557700177, -5.19276696989365], [-37.3242448305244, -5.19273774546878], [-37.3242343404778, -5.19270842095842], [-37.3242243125196, -5.19267899097054], [-37.3242147628851, -5.19264945554821], [-37.3242057042257, -5.19261980568232], [-37.3241971491688, -5.19259004140633], [-37.324189113964, -5.1925601573378], [-37.324181611253, -5.19253014808462], [-37.3241746554768, -5.192500010068], [-37.3241682610715, -5.19246974151773], [-37.3241624406836, -5.19243933523318], [-37.3241557447389, -5.19239961079585], [-37.3241499856304, -5.19235966277714], [-37.3241451037995, -5.19231950187017], [-37.3241410432815, -5.19227914420331], [-37.3241377427185, -5.19223859865634], [-37.3241351461505, -5.1921978795491], [-37.3241331976173, -5.19215700120137], [-37.3241318339527, -5.19211597429675], [-37.3241309992013, -5.19207481134649], [-37.3241306374031, -5.19203352667039], [-37.3241306853822, -5.19199213456912], [-37.3241310890016, -5.19195064213316], [-37.324131788684, -5.19190906728978], [-37.3241327266748, -5.191867420737], [-37.324133845215, -5.19182571498126], [-37.3241350847367, -5.19178396433286], [-37.3241366052859, -5.19173621186081], [-37.3241383116477, -5.19168845626468], [-37.3241403047466, -5.19164073398333], [-37.3241426890954, -5.19159308869926], [-37.32414556381, -5.191545558655], [-37.3241490316183, -5.19149818029414], [-37.3241531952296, -5.19145099729435], [-37.3241581573719, -5.1914040460992], [-37.3241640189551, -5.191357368573], [-37.3241708845112, -5.19131100116406], [-37.3241788549454, -5.19126498754522], [-37.3241880311865, -5.19121936234662], [-37.3241985177474, -5.19117416925068], [-37.3242104155474, -5.19112944650454], [-37.3242238255059, -5.19108523235536], [-37.3242388521453, -5.19104156686839], [-37.3242548652297, -5.19100006702124], [-37.3242721364482, -5.19095895030663], [-37.3242903360979, -5.19091805850586], [-37.3243091308773, -5.19087722977363], [-37.3243281892892, -5.19083630226943], [-37.3243471798269, -5.19079511776989], [-37.3243657709978, -5.19075351262617], [-37.3243836294866, -5.19071133041879], [-37.3243968009618, -5.19067817670487], [-37.3244094808327, -5.19064469253013], [-37.3244218131222, -5.19061098859815], [-37.3244339454607, -5.19057717562206], [-37.3244460236701, -5.19054336611881], [-37.3244581935771, -5.19050967079669], [-37.3244705991948, -5.19047620397627], [-37.3244833899577, -5.19044307637547], [-37.3244967080797, -5.1904104005015], [-37.3245107029954, -5.19037828707218], [-37.3245255187226, -5.19034684859953], [-37.3245413010832, -5.19031619760027], [-37.3245581958989, -5.19028644659114], [-37.3245763489963, -5.19025770628031], [-37.32459590981, -5.19023008738555], [-37.3246170205443, -5.19020370603093], [-37.324650412246, -5.19016784067212], [-37.32468679584, -5.19013434159339], [-37.3247256133084, -5.19010275336852], [-37.3247663084229, -5.19007262600165], [-37.3248083249599, -5.19004350768864], [-37.3248511066956, -5.19001494662544], [-37.3248940955975, -5.18998649281186], [-37.3249367372504, -5.1899576926404], [-37.3249684333046, -5.18993547006424], [-37.3249996632049, -5.18991284294319], [-37.3250304773323, -5.18988986024177], [-37.3250609278717, -5.18986657092923], [-37.3250910633954, -5.18984302577377], [-37.3251209378827, -5.18981927736648], [-37.3251505981162, -5.18979537104519], [-37.3251800962762, -5.18977135758765], [-37.3252094845379, -5.18974728958012], [-37.3252388114832, -5.1897232141737], [-37.3252681274884, -5.18969918214137], [-37.3252974847385, -5.18967524245229], [-37.3253269336097, -5.18965144587939], [-37.325356524483, -5.18962784138704], [-37.3253863095338, -5.18960448156151], [-37.325416335545, -5.18958141174046], [-37.3254473669016, -5.18955813117379], [-37.3254786698327, -5.18953516058669], [-37.3255102083792, -5.18951245467004], [-37.3255419465866, -5.18948996630622], [-37.3255738430983, -5.18946764474623], [-37.3256058655583, -5.1894454464991], [-37.3256379762129, -5.18942332263389], [-37.3256701391125, -5.1894012242245], [-37.3257023164941, -5.18937910595709], [-37.325734472403, -5.18935692071405], [-37.3257665690857, -5.18933461956451], [-37.325798572387, -5.18931215720423], [-37.3258304427541, -5.18928948288897], [-37.3258621460315, -5.18926655131454], [-37.3258936426523, -5.18924331716235], [-37.3259248984753, -5.18921972970252], [-37.3259605196393, -5.1891921044669], [-37.3259957471339, -5.18916395008856], [-37.3260305575177, -5.18913526288835], [-37.3260649255452, -5.18910603918236], [-37.3260988259662, -5.18907627709515], [-37.326132235325, -5.1890459783732], [-37.3261651265816, -5.18901513571077], [-37.3261974780889, -5.18898374905055], [-37.3262292645921, -5.18895181832568], [-37.3262604590418, -5.18891933984753], [-37.3262910398005, -5.18888630994174], [-37.3263209798092, -5.18885272853672], [-37.3263502538226, -5.18881859194857], [-37.3263788401983, -5.18878389831153], [-37.3264067118824, -5.18874864574546], [-37.3264338436199, -5.18871283418357], [-37.3264526598422, -5.18868705432009], [-37.3264710979593, -5.18866100036286], [-37.3264891669574, -5.1886346849956], [-37.3265068776314, -5.18860811909827], [-37.3265242371683, -5.18858131354125], [-37.3265412563632, -5.18855427920442], [-37.3265579387953, -5.18852702694863], [-37.3265742970634, -5.18849956765856], [-37.3265903383498, -5.18847191401318], [-37.3266060734544, -5.18844407508381], [-37.3266215077554, -5.18841606354459], [-37.3266366520525, -5.18838788846693], [-37.3266515135235, -5.18835956433828], [-37.3266661011687, -5.18833109841666], [-37.3266804239744, -5.18830250338577], [-37.326694490927, -5.1882737919293], [-37.3267130420777, -5.18823495361607], [-37.326731148153, -5.18819592603357], [-37.3267488145647, -5.18815670919623], [-37.3267660430978, -5.18811731034297], [-37.3267828409632, -5.18807773130155], [-37.326799211764, -5.1880379738901], [-37.326815159089, -5.18799804535236], [-37.3268306901587, -5.18795794389898], [-37.326845806758, -5.18791767676892], [-37.3268605124901, -5.18787724578033], [-37.3268748145564, -5.18783665637798], [-37.3268887165647, -5.18779590857146], [-37.3269022221087, -5.18775500779601], [-37.3269153365953, -5.18771395587452], [-37.3269280636183, -5.18767275824222], [-37.3269404085845, -5.187631416722], [-37.3269527045077, -5.187588832597], [-37.3269646976655, -5.18754613553944], [-37.3269764817475, -5.18750336920261], [-37.3269881504668, -5.18746056819709], [-37.3269998011349, -5.18741777076012], [-37.3270115256517, -5.18737501511455], [-37.3270234195199, -5.18733234130133], [-37.3270355800605, -5.18728978394054], [-37.3270480991685, -5.18724738306357], [-37.3270610723561, -5.1872051750942], [-37.3270745951309, -5.18716319826484], [-37.3270887611916, -5.18712149261151], [-37.3271036660553, -5.18708009274953], [-37.3271194034206, -5.18703903871488], [-37.3271360706039, -5.18699836693613], [-37.3271537594998, -5.1869581174445], [-37.3271690488521, -5.18692552262036], [-37.3271850733714, -5.18689324442918], [-37.327201820397, -5.18686129549712], [-37.327219277268, -5.18682968845048], [-37.3272374295294, -5.18679843229366], [-37.3272562627211, -5.18676753783962], [-37.3272757677854, -5.18673701953268], [-37.3272959266641, -5.18670688455919], [-37.3273167321083, -5.18667714555977], [-37.3273381660453, -5.18664781514629], [-37.3273602176326, -5.18661890052425], [-37.3273828723962, -5.18659041793222], [-37.3274061194933, -5.18656237457556], [-37.3274299444594, -5.18653478307587], [-37.3274543346386, -5.1865076542508], [-37.3274792737669, -5.18648099890861], [-37.327504014823, -5.18645557647237], [-37.3275292560895, -5.1864306400498], [-37.3275549866666, -5.18640621854886], [-37.3275812028754, -5.18638233908805], [-37.3276078920121, -5.18635903057045], [-37.3276350503881, -5.18633632373166], [-37.3276626671133, -5.18631424386252], [-37.3276907330873, -5.18629282168426], [-37.327719244631, -5.18627208431538], [-37.3277481872368, -5.18625206065425], [-37.3277775572211, -5.18623277962795], [-37.327807345488, -5.18621427014916], [-37.3278375429467, -5.18619655932209], [-37.3278681423056, -5.18617967606423], [-37.327899134469, -5.18616364928826], [-37.3279305121452, -5.18614850791176], [-37.3279707037335, -5.18613065351108], [-37.3280114527632, -5.18611415880382], [-37.3280527143984, -5.18609892420104], [-37.3280944456167, -5.18608484650148], [-37.3281365997689, -5.18607182972844], [-37.3281791338325, -5.18605977068069], [-37.3282220029621, -5.18604857338635], [-37.3282651605321, -5.18603813282612], [-37.3283085653096, -5.1860283512291], [-37.3283521706499, -5.18601913081011], [-37.3283959317266, -5.18601036836322], [-37.3284398055027, -5.18600196611273], [-37.328483747147, -5.18599382266123], [-37.3285277118232, -5.18598583841979], [-37.3285716546953, -5.18597791379947], [-37.3286155291232, -5.1859699492066], [-37.3286618656751, -5.18596138887285], [-37.3287080978899, -5.18595271793773], [-37.3287542400753, -5.18594398346146], [-37.328800313764, -5.18593522890623], [-37.3288463350629, -5.18592650314555], [-37.3288923254999, -5.18591785145015], [-37.3289383011867, -5.185909320885], [-37.3289842800387, -5.18590095851985], [-37.329030281785, -5.1858928078121], [-37.3290763225275, -5.18588491944379], [-37.3291224238041, -5.18587733506863], [-37.3291686017167, -5.1858701053686], [-37.3292148741904, -5.18586327379634], [-37.3292612609401, -5.18585688923494], [-37.3293077798862, -5.18585099694552], [-37.3293544489488, -5.18584564218936], [-37.3293980508582, -5.18584115466261], [-37.3294417618034, -5.18583704902545], [-37.329485547843, -5.18583319858951], [-37.3295293750259, -5.18582948028343], [-37.3295732076115, -5.18582576560552], [-37.3296170062322, -5.18582193327872], [-37.3296607405638, -5.18581785300707], [-37.3297043730473, -5.18581340170968], [-37.3297478679324, -5.18580845450201], [-37.3297911894687, -5.18580288649934], [-37.3298343037193, -5.18579656920478], [-37.3298771749289, -5.1857893795422], [-37.3299197673517, -5.18578119081846], [-37.3299620434287, -5.18577187995269], [-37.3300039710266, -5.18576131845268], [-37.3300455125909, -5.18574938142908], [-37.3300955987866, -5.18573285878164], [-37.3301450932417, -5.18571429632643], [-37.3301940333341, -5.18569388586895], [-37.3302424564417, -5.18567181921457], [-37.3302903945356, -5.18564828634583], [-37.3303378850032, -5.18562347545116], [-37.3303849616103, -5.18559758013496], [-37.330431659931, -5.1855707921979], [-37.3304568095774, -5.18555596156564], [-37.3304818263319, -5.18554090270326], [-37.3305066795849, -5.18552559382726], [-37.3305313351332, -5.18551000771903], [-37.3305557605539, -5.18549412620741], [-37.3305799252422, -5.18547792570043], [-37.3306273427864, -5.18544447331322], [-37.3306733302667, -5.18540947444792], [-37.3307176265997, -5.18537274394291], [-37.3307599797074, -5.18533410208602], [-37.3308001284921, -5.18529336914135], [-37.330822018035, -5.18526907295087], [-37.3308431409423, -5.18524407663299], [-37.3308635331735, -5.18521842549663], [-37.3308832343101, -5.18519215943449], [-37.3309022803069, -5.18516532556405], [-37.3309207089321, -5.18513796739036], [-37.3309385597625, -5.18511012661476], [-37.3309558669586, -5.18508184673271], [-37.3309726718916, -5.18505317306743], [-37.3309890105257, -5.18502414911918], [-37.3310049188254, -5.18499481838827], [-37.3310204363626, -5.18496522438449], [-37.3310356027143, -5.18493540880912], [-37.3310504502275, -5.18490541877001], [-37.3310650220915, -5.18487529416938], [-37.3310793506535, -5.18484508211507], [-37.331092067702, -5.18481784811203], [-37.3311046170801, -5.18479057749464], [-37.3311170006013, -5.18476326665066], [-37.3311292164569, -5.18473591738385], [-37.3311412628525, -5.18470852607237], [-37.331153137989, -5.18468109090296], [-37.3311648418615, -5.18465361368416], [-37.3311763744798, -5.18462609079891], [-37.3311877304271, -5.18459852404145], [-37.3311989133258, -5.18457090799574], [-37.3312099195631, -5.18454324446081], [-37.3312207473399, -5.18451553162332], [-37.3312313966564, -5.18448776948336], [-37.3312418657179, -5.18445995441904], [-37.3312521527208, -5.18443208642565], [-37.3312622594688, -5.18440416550795], [-37.3312721805551, -5.18437618984315], [-37.3312819177882, -5.18434815762746], [-37.3312914675605, -5.18432006885141], [-37.3313008298765, -5.18429192170642], [-37.3313100065452, -5.18426371438877], [-37.3313189903507, -5.18423544687941], [-37.3313277849057, -5.18420711737932], [-37.3313363866024, -5.18417872587904], [-37.3313447954455, -5.18415027057001], [-37.3313530078368, -5.18412174782564], [-37.3313610273746, -5.18409316127258], [-37.3313688486614, -5.18406450547087], [-37.3313764716877, -5.18403578403767], [-37.3313838946687, -5.18400698973408], [-37.3313911175948, -5.18397812617714], [-37.3313981386717, -5.18394918974506], [-37.3314107961811, -5.18389445830268], [-37.3314225793977, -5.18383949305728], [-37.3314333403248, -5.18378432255526], [-37.3314429291764, -5.18372896991273], [-37.3314511925538, -5.18367346004487], [-37.3314579788481, -5.18361782329719], [-37.3314631400726, -5.18356208459921], [-37.3314665228336, -5.18350626705759], [-37.3314679176819, -5.18345937853094], [-37.3314680859458, -5.18341245783097], [-37.3314671593064, -5.18336550711377], [-37.3314652694351, -5.18331853215247], [-37.3314625462184, -5.18327153148132], [-37.3314591249258, -5.18322451449996], [-37.3314551336447, -5.1831774779293], [-37.3314507058455, -5.18313042935572], [-37.3314463683126, -5.18308747739688], [-37.3314417294932, -5.18304453730312], [-37.3314367406203, -5.18300163245703], [-37.3314313511321, -5.18295878261931], [-37.3314255140703, -5.18291600936878], [-37.3314191806677, -5.18287333608794], [-37.3314123039752, -5.18283078073856], [-37.3314048352211, -5.18278836851167], [-37.3313967256524, -5.1827461173643], [-37.3313879265069, -5.18270404887044], [-37.3313783908165, -5.18266218822591], [-37.3313680680294, -5.1826205515744], [-37.3313569129815, -5.18257916411651], [-37.3313448751066, -5.18253804742152], [-37.3313319074559, -5.18249721945109], [-37.3313179612624, -5.18245670358777], [-37.3313060426721, -5.18242443646598], [-37.3312934939446, -5.18239238651696], [-37.331280352962, -5.18236055384068], [-37.3312666503814, -5.18232894213509], [-37.3312524204818, -5.18229754968209], [-37.3312376975233, -5.18226638199769], [-37.3312225121724, -5.18223543916281], [-37.3312069005072, -5.18220472127258], [-37.3311877175686, -5.1821683205248], [-37.3311679330053, -5.18213227085796], [-37.331147510687, -5.18209659207082], [-37.3311264108614, -5.18206130937826], [-37.3311045937762, -5.18202644799504], [-37.3310820233013, -5.18199202771991], [-37.3310586614882, -5.18195807377249], [-37.3310344685896, -5.18192460955903], [-37.3310088438622, -5.18189096252078], [-37.3309822684649, -5.18185800565036], [-37.3309547022988, -5.18182589618607], [-37.3309260980542, -5.18179478953867], [-37.3308964192497, -5.18176483933889], [-37.3308656167668, -5.1817362028012], [-37.330833654124, -5.18170903355624], [-37.3308004858106, -5.18168348882798], [-37.3307672154837, -5.18166038537776], [-37.3307329474242, -5.18163872071148], [-37.3306978518019, -5.18161826559157], [-37.3306621041939, -5.18159879260338], [-37.3306258729708, -5.18158007069613], [-37.3305893337098, -5.18156187245526], [-37.3305526529728, -5.18154396863389], [-37.3305160081456, -5.18152613001377], [-37.3304758975766, -5.18150639049839], [-37.3304359188525, -5.18148659164694], [-37.330395959775, -5.18146686880487], [-37.3303559027152, -5.18144736453746], [-37.3303156354796, -5.18142821238156], [-37.3302750422481, -5.1814095530986], [-37.3302340072097, -5.18139152383296], [-37.3301924145539, -5.18137426172886], [-37.3301529203461, -5.18135887339755], [-37.3301129790049, -5.18134408251536], [-37.3300727335418, -5.18132969775305], [-37.3300323233753, -5.18131552234617], [-37.329991889713, -5.1813013649608], [-37.3299515755763, -5.18128703065072], [-37.3299115221826, -5.18127232446495], [-37.3298718707445, -5.18125705326112], [-37.3298327624796, -5.18124102208842], [-37.3297943404044, -5.18122403780931], [-37.3297567421238, -5.18120590727203], [-37.3297201124678, -5.18118643372686], [-37.3296845926492, -5.18116542403164], [-37.3296503220767, -5.18114268503943], [-37.329617443767, -5.18111802361294], [-37.3295860989421, -5.18109124299298], [-37.3295514491777, -5.18105697347054], [-37.3295191952795, -5.18101985637655], [-37.3294894211515, -5.18098022651519], [-37.3294622179232, -5.18093841509256], [-37.3294376731014, -5.1808947587309], [-37.3294158760018, -5.18084959224847], [-37.3293969141455, -5.18080324684174], [-37.329380875044, -5.18075605732415], [-37.3293660185739, -5.18070090787083], [-37.3293547353765, -5.18064517826459], [-37.3293465886457, -5.18058896682236], [-37.329341136159, -5.18053237365533], [-37.3293379411058, -5.180475498889], [-37.329336563068, -5.18041844263931], [-37.3293365616369, -5.18036130140519], [-37.3293375000026, -5.18030417531213], [-37.3293382395971, -5.18027396177066], [-37.329339128834, -5.18024377936962], [-37.3293401731249, -5.18021362812332], [-37.3293413868962, -5.18018350987838], [-37.3293427737558, -5.18015342464429], [-37.3293443481395, -5.18012337065065], [-37.3293461136504, -5.18009334971548], [-37.3293480829204, -5.18006336006357], [-37.3293502613566, -5.18003340351775], [-37.3293526615862, -5.18000348011133], [-37.3293552908294, -5.17997358805483], [-37.3293581581057, -5.17994372737203], [-37.3293612706261, -5.17991389989052], [-37.3293646410176, -5.1798841056436], [-37.3293682746968, -5.17985434283701], [-37.3293721824821, -5.17982461330789], [-37.3293799413658, -5.17977093966053], [-37.3293885081507, -5.17971736038157], [-37.3293977674299, -5.17966385888927], [-37.3294076055863, -5.17961042403227], [-37.3294179035957, -5.17955704283646], [-37.3294285478458, -5.17950370234198], [-37.3294394229299, -5.17945038596719], [-37.3294504134221, -5.17939708436464], [-37.3294643540099, -5.17938885064912], [-37.3294749156312, -5.17936628427338], [-37.3294801928314, -5.17935500198008], [-37.3294854646291, -5.17934371605531], [-37.3294907292109, -5.17933243011138], [-37.3294959829739, -5.17932114233027], [-37.3295012277172, -5.1793098545252], [-37.3295064598472, -5.17929856126108], [-37.3295116775458, -5.17928726795878], [-37.3295168790186, -5.17927597099643], [-37.3295220624569, -5.17926467217783], [-37.3295272260664, -5.17925336788113], [-37.3295323680337, -5.17924206171863], [-37.3295374865643, -5.1792307500685], [-37.3295425816535, -5.17921943473932], [-37.3295476478896, -5.17920811571677], [-37.3295526852774, -5.1791967911923], [-37.3295576938216, -5.17918545935739], [-37.329562669905, -5.17917412381961], [-37.3295676117283, -5.17916278276564], [-37.3295725174925, -5.17915143438218], [-37.3295773853889, -5.17914008047303], [-37.3295822136183, -5.17912871922488], [-37.3295870021808, -5.17911735063771], [-37.3295917456599, -5.17910597650582], [-37.3295964458737, -5.17909459140831], [-37.3296010973964, -5.17908320075655], [-37.3296057038452, -5.17907180094297], [-37.3296102580045, -5.17906039194852], [-37.3296147598696, -5.17904897558178], [-37.32961920945, -5.17903754822562], [-37.3296236031332, -5.1790261116791], [-37.3296279391152, -5.17901466593743], [-37.3296322155969, -5.17900320918733], [-37.3296364307697, -5.17899174323259], [-37.329640584643, -5.17898026445611], [-37.3296446736044, -5.17896877465694], [-37.3296486958452, -5.17895727563883], [-37.3296526495756, -5.17894576197139], [-37.3296565329778, -5.17893423907554], [-37.3296603460657, -5.17892270152562], [-37.3296640852222, -5.17891115292919], [-37.3296677504568, -5.17889958966919], [-37.329671336353, -5.17888801353986], [-37.3296748447148, -5.178876424546], [-37.3296782719343, -5.17886482267803], [-37.329681618021, -5.17885320431894], [-37.3296848775538, -5.17884157307149], [-37.32968805415, -5.17882992532813], [-37.3296911405891, -5.17881826287837], [-37.3296941368713, -5.17880658572223], [-37.3296970430013, -5.17879489205114], [-37.3296998571752, -5.17878318186032], [-37.3297025739766, -5.17877145694409], [-37.3297051952188, -5.17875971369012], [-37.3297077172846, -5.17874795570593], [-37.3297101401882, -5.17873617756595], [-37.3297124603124, -5.17872438287769], [-37.3297146776571, -5.17871257164123], [-37.3297167868201, -5.17870074022517], [-37.3297187896007, -5.17868889044279], [-37.3297206841949, -5.17867702228937], [-37.329722466995, -5.17866513575534], [-37.3297241362017, -5.17865322902749], [-37.3297259479597, -5.1786392446479], [-37.3297276046491, -5.17862523453935], [-37.3297291080736, -5.17861119870657], [-37.3297304618412, -5.17859713715909], [-37.3297316659471, -5.17858305170546], [-37.3297327240037, -5.1785689405467], [-37.3297336378009, -5.17855480911315], [-37.329734409152, -5.1785406537925], [-37.32973504166, -5.17852647640282], [-37.329735535325, -5.1785122769441], [-37.3297358955538, -5.1784980572392], [-37.3297361223419, -5.17848381909663], [-37.3297362174977, -5.17846956071261], [-37.329736186433, -5.17845528210147], [-37.3297360273297, -5.17844098868403], [-37.3297357456089, -5.17842667685748], [-37.329735341266, -5.17841234843041], [-37.3297348161048, -5.17839800340755], [-37.3297341755322, -5.17838364361174], [-37.3297334213522, -5.17836926904771], [-37.3297325517562, -5.1783548815193], [-37.3297315721605, -5.1783404792322], [-37.3297304861634, -5.17832606581301], [-37.329729291966, -5.17831163944846], [-37.3297279949749, -5.17829720196137], [-37.3297265969895, -5.17828275516506], [-37.3297250998184, -5.1782682972557], [-37.3297235052607, -5.17825383004662], [-37.3297218169195, -5.17823935535587], [-37.3297200347995, -5.17822487137496], [-37.329718162499, -5.1782103817304], [-37.3297162018267, -5.17819588461848], [-37.329714643531, -5.17818478322307], [-37.3297130329272, -5.17817367988106], [-37.3297113718144, -5.17816257640579], [-37.3297096583886, -5.17815147279251], [-37.3297078908365, -5.17814037265354], [-37.329706067359, -5.17812927417555], [-37.3297041915543, -5.17811818098517], [-37.3297022580108, -5.17810709306811], [-37.3297002685276, -5.17809601223768], [-37.3296982212961, -5.17808494029763], [-37.3296961163162, -5.17807387724803], [-37.3296939517747, -5.17806282670113], [-37.3296917294754, -5.17805178866172], [-37.3296894440018, -5.17804076492407], [-37.3296870989618, -5.17802975549768], [-37.3296846907428, -5.17801876218157], [-37.3296822193354, -5.17800778859287], [-37.3296796847442, -5.17799683292299], [-37.3296770869646, -5.17798589698047], [-37.3296744223793, -5.17797498437291], [-37.329671690993, -5.17796409329173], [-37.3296688927915, -5.17795322916258], [-37.3296660277795, -5.1779423901769], [-37.3296630941531, -5.17793157632994], [-37.3296600900943, -5.17792079304256], [-37.3296570174116, -5.177910038511], [-37.3296538724878, -5.17789931634278], [-37.3296506571268, -5.17788862654268], [-37.3296473695199, -5.17787797091451], [-37.3296440060594, -5.1778673494487], [-37.3296405721474, -5.17785676577665], [-37.3296370605732, -5.17784621807077], [-37.3296334731263, -5.17783571176141], [-37.3296298116154, -5.17782524504486], [-37.3296260706242, -5.17781481971528], [-37.3296222519517, -5.17780443758606], [-37.3296183555885, -5.17779410227427], [-37.3296143797401, -5.17778381015801], [-37.3296103225885, -5.17777356665821], [-37.3296061841384, -5.17776336996627], [-37.3296019625717, -5.17775322550311], [-37.3295976596969, -5.17774313146488], [-37.3295932719016, -5.17773308965067], [-37.3295888009849, -5.17772310187374], [-37.3295842451383, -5.17771316993787], [-37.3295796025625, -5.17770329202979], [-37.3295748732385, -5.17769347538361], [-37.329570055372, -5.17768371637755], [-37.3295651507622, -5.17767401682486], [-37.3295601557869, -5.17766438214163], [-37.3295550722596, -5.17765480871561], [-37.3295498965678, -5.17764529834577], [-37.3295446305011, -5.17763585646249], [-37.3295392704565, -5.17762648124771], [-37.3295338182331, -5.17761717451471], [-37.3295282720223, -5.17760793806732], [-37.3295226318241, -5.1775987719055], [-37.3295168958298, -5.17758967783308], [-37.3295110622262, -5.17758065946231], [-37.3295051328218, -5.17757171498943], [-37.329499104004, -5.17756284621345], [-37.3294929775674, -5.17755405675629], [-37.3294867517079, -5.17754534661308], [-37.3294804246171, -5.17753671758763], [-37.3294740682131, -5.1775282602974], [-37.3294676141902, -5.17751988232592], [-37.3294610643618, -5.17751158006084], [-37.3294544223357, -5.17750335351171], [-37.3294476881167, -5.17749520086998], [-37.3294408653172, -5.17748712033664], [-37.3294339557506, -5.17747910829932], [-37.3294269594171, -5.17747116475806], [-37.329419879929, -5.17746328791384], [-37.329412719095, -5.17745547596284], [-37.3294054787191, -5.17744772890983], [-37.3293981606194, -5.17744004133398], [-37.329390766595, -5.17743241504856], [-37.3293832984592, -5.17742484644121], [-37.3293757598295, -5.17741733190445], [-37.3293681488924, -5.17740987505052], [-37.3293604710737, -5.17740247046814], [-37.3293527263784, -5.17739511634873], [-37.3293449184141, -5.1773878127018], [-37.3293370471856, -5.17738055771883], [-37.3293291163101, -5.17737334779226], [-37.3293211275917, -5.1773661829268], [-37.3293130810397, -5.17735905950543], [-37.3293049802572, -5.17735197934618], [-37.3292968270577, -5.17734493883673], [-37.3292886214505, -5.17733793436], [-37.3292803688473, -5.17733096593028], [-37.3292720692483, -5.17732403354753], [-37.3292637244667, -5.17731713359945], [-37.3292553363112, -5.17731026428226], [-37.3292469065904, -5.17730342379222], [-37.3292384389169, -5.17729661033022], [-37.3292299332907, -5.17728982389632], [-37.3292213915251, -5.17728306087817], [-37.3292128172279, -5.1772763212853], [-37.329204210404, -5.17726960330919], [-37.3291955764744, -5.17726290334701], [-37.3291869118313, -5.17725622138922], [-37.3291782236999, -5.17724955383783], [-37.3291695102715, -5.17724290249661], [-37.329160776972, -5.17723626195419], [-37.3291520219976, -5.17722963220582], [-37.3291432489607, -5.17722301145249], [-37.3291344614691, -5.17721639970372], [-37.3291256577332, -5.1772097915291], [-37.3291168431599, -5.1772031887515], [-37.3291080177635, -5.17719658594525], [-37.3290991833431, -5.17718998492367], [-37.3290814982773, -5.17717677922043], [-37.329072651254, -5.17717016912263], [-37.3290638024413, -5.1771635535944], [-37.3290549554516, -5.17715693083667], [-37.3290461120984, -5.17715029723719], [-37.3290372741856, -5.17714365280069], [-37.3290284435265, -5.17713699391482], [-37.3290196201164, -5.17713032238814], [-37.3290108093813, -5.17712363280936], [-37.3290020095124, -5.17711692698221], [-37.3289932259357, -5.17711019949533], [-37.3289844586465, -5.1771034521573], [-37.3289757094628, -5.17709667954725], [-37.3289669801839, -5.1770898834785], [-37.328958274427, -5.17708306034346], [-37.3289442943515, -5.17707200393447], [-37.3289303812199, -5.17706087174281], [-37.328916545865, -5.17704966017993], [-37.3289027900955, -5.17703836744208], [-37.3288891211365, -5.17702698993123], [-37.3288755462081, -5.17701552585789], [-37.328862068923, -5.17700397342304], [-37.3288486983101, -5.17699232903344], [-37.328835436178, -5.17698059088526], [-37.3288222915605, -5.17696875357677], [-37.3288092698644, -5.17695681893071], [-37.3287963747165, -5.17694477972254], [-37.3287836151362, -5.17693263597599], [-37.32877099654, -5.17692038589686], [-37.3287585243537, -5.17690802407383], [-37.3287462021852, -5.1768955505164], [-37.3287340408673, -5.1768829616361], [-37.3287220422133, -5.17687025382058], [-37.3287102116396, -5.17685742527565], [-37.3286985581752, -5.17684447240798], [-37.3286870872318, -5.17683139523185], [-37.3286758042352, -5.17681818833603], [-37.3286647145971, -5.17680485173473], [-37.3286538237482, -5.17679137820812], [-37.3286431370906, -5.17677777138754], [-37.3286326636627, -5.1767640240627], [-37.3286224070771, -5.17675013443453], [-37.328612374554, -5.17673610071359], [-37.3286025697107, -5.1767219192923], [-37.3285929997628, -5.17670759018973], [-37.3285836719447, -5.17669310619081], [-37.3285745898596, -5.17667846911352], [-37.32856518066, -5.17666268997622], [-37.3285560442945, -5.17664674155513], [-37.3285471627003, -5.17663063284544], [-37.3285385196186, -5.17661437284694], [-37.3285301005898, -5.17659797237279], [-37.3285218893553, -5.17658144042283], [-37.3285138678522, -5.17656478599218], [-37.328506023425, -5.17654801989873], [-37.3284983362118, -5.17653114932427], [-37.3284907935522, -5.17651418689522], [-37.3284833773882, -5.17649713979819], [-37.3284760732602, -5.17648001884626], [-37.3284688649096, -5.17646283303932], [-37.3284617342736, -5.17644559137242], [-37.3284546668928, -5.17642830465872], [-37.3284511539851, -5.17641964688832], [-37.3284476483121, -5.17641098190284], [-37.3284441498736, -5.17640230970223], [-37.328440660469, -5.17639363209984], [-37.3284371710786, -5.17638494907183], [-37.3284336871047, -5.17637626424957], [-37.3284301995279, -5.17636757760926], [-37.3284267119558, -5.17635888916043], [-37.3284232189675, -5.17635020250586], [-37.3284197205627, -5.17634151764555], [-37.3284162131339, -5.17633283456997], [-37.3284126966761, -5.17632415508767], [-37.3284091657684, -5.17631548280147], [-37.3284056240231, -5.17630681591231], [-37.3284020624162, -5.17629815620493], [-37.3283984845505, -5.17628950549742], [-37.3283948868185, -5.17628086378022], [-37.3283912656027, -5.17627223466094], [-37.3283876209032, -5.1762636181395], [-37.3283839491122, -5.17625501420643], [-37.328380250225, -5.17624642467028], [-37.3283765206243, -5.17623785313856], [-37.3283727585109, -5.17622929779801], [-37.3283689620763, -5.17622076045239], [-37.3283612590134, -5.17620374515251], [-37.3283533951722, -5.17618681804731], [-37.3283453524899, -5.17616998813187], [-37.3283371183158, -5.17615326441554], [-37.3283286745825, -5.17613665770194], [-37.3283212346805, -5.17612246986405], [-37.3283136303829, -5.17610837382837], [-37.3283058671013, -5.17609436960917], [-37.3282979466443, -5.1760804554027], [-37.3282898762276, -5.17606663122798], [-37.3282816558606, -5.17605289346791], [-37.3282732909551, -5.17603924213682], [-37.3282647833148, -5.17602567723943], [-37.3282561383562, -5.17601219698148], [-37.3282473596919, -5.17599879956399], [-37.3282384491257, -5.1759854849917], [-37.3282294120694, -5.17597225327887], [-37.3282202503362, -5.17595910081318], [-37.3282109711418, -5.1759460276137], [-37.3282015726822, -5.17593303367565], [-37.3281920621826, -5.17592011540101], [-37.3281824432412, -5.17590727641636], [-37.3281727176809, -5.17589450949231], [-37.3281628891, -5.17588181825544], [-37.3281529629148, -5.17586920091153], [-37.3281429409388, -5.17585665384821], [-37.3281328285789, -5.17584417888835], [-37.3281226276437, -5.17583177422815], [-37.328112343545, -5.1758194398819], [-37.3281019781007, -5.17580717042871], [-37.3280915349093, -5.17579496949521], [-37.328081019387, -5.17578283528714], [-37.3280704333474, -5.17577076419219], [-37.3280597803934, -5.1757587580284], [-37.3280490659462, -5.17574681319296], [-37.3280382918049, -5.17573493149921], [-37.3280274615868, -5.17572310933955], [-37.328015728056, -5.1757104329671], [-37.3280039330178, -5.17569782334857], [-37.3279920800752, -5.17568528230211], [-37.3279801692378, -5.17567280621056], [-37.3279682005055, -5.17566039507398], [-37.3279561720745, -5.17564804888759], [-37.3279440893659, -5.17563576404854], [-37.3279319487671, -5.17562354235593], [-37.3279197538956, -5.17561138020211], [-37.3279075047464, -5.17559927939571], [-37.3278951995253, -5.17558723631482], [-37.3278828418399, -5.17557525096897], [-37.3278704316952, -5.17556332154965], [-37.3278579672871, -5.17555144805204], [-37.3278454522282, -5.17553962867717], [-37.3278328865232, -5.1755278616165], [-37.3278202701675, -5.17551614867853], [-37.3278076031704, -5.17550448624622], [-37.3277948873407, -5.17549287251575], [-37.3277821226735, -5.17548130929567], [-37.3277693109823, -5.17546979297367], [-37.3277564504585, -5.17545832535352], [-37.3277435447193, -5.17544690282766], [-37.3277305919608, -5.17543552539133], [-37.3277175939964, -5.17542418943221], [-37.3277045508167, -5.17541289856738], [-37.3276914624311, -5.17540164917975], [-37.3276783324521, -5.1753904394703], [-37.3276651590758, -5.17537926943427], [-37.3276519423071, -5.17536813726315], [-37.3276386839497, -5.17535704296164], [-37.3276253840038, -5.17534598652978], [-37.3276172354713, -5.17533924624437], [-37.3276090724747, -5.17533251858061], [-37.3276008932054, -5.1753258053422], [-37.3275926994623, -5.17531910834251], [-37.3275844894465, -5.17531242576821], [-37.3275762649523, -5.17530576124113], [-37.3275680223767, -5.17529911294324], [-37.3275597653227, -5.17529248269256], [-37.3275514901873, -5.17528586867105], [-37.3275432005688, -5.17527927450531], [-37.3275348928593, -5.17527270018584], [-37.3275265706667, -5.1752661457221], [-37.3275182303832, -5.17525961110461], [-37.3275098719993, -5.17525309995043], [-37.3275014991322, -5.17524660865204], [-37.3274931081647, -5.17524014081695], [-37.3274846991016, -5.17523369463666], [-37.3274762737371, -5.17522727373297], [-37.3274678302723, -5.17522087629259], [-37.3274593686975, -5.17521450593258], [-37.3274508908262, -5.17520815904067], [-37.327442394845, -5.17520183922916], [-37.32743387895, -5.17519554649325], [-37.3274253467442, -5.17518928265105], [-37.3274167946294, -5.17518304407591], [-37.327408226199, -5.17517683620301], [-37.3273996378501, -5.17517065721427], [-37.3273910295779, -5.17516450891824], [-37.3273824049901, -5.17515839132443], [-37.3273737586752, -5.17515230441853], [-37.32736509604, -5.17514625002342], [-37.3273564116775, -5.17514022631624], [-37.3273477091862, -5.17513423692357], [-37.3273389867621, -5.17512828184067], [-37.3273302444051, -5.17512236106755], [-37.3273214839145, -5.1751164764175], [-37.3273127016872, -5.17511062607246], [-37.3273039013262, -5.17510481185048], [-37.327295079219, -5.17509903555058], [-37.3272862371743, -5.17509329536897], [-37.3272773733786, -5.17508759491798], [-37.3272684896406, -5.17508193239383], [-37.3272595859555, -5.17507630960505], [-37.3272506623234, -5.17507072655165], [-37.3272417151317, -5.17506518503266], [-37.3272327479882, -5.17505968505756], [-37.3272237608976, -5.1750542248178], [-37.3272147502379, -5.17504880972955], [-37.3272057196264, -5.17504343618518], [-37.3271966672497, -5.17503810779703], [-37.3271875931125, -5.17503282275654], [-37.3271784954063, -5.17502758286752], [-37.327169377734, -5.17502238994805], [-37.3271602364925, -5.17501724217999], [-37.3271510734812, -5.17501214137669], [-37.327141886896, -5.17500708753339], [-37.327132678536, -5.17500208246335], [-37.3271234484014, -5.17499712616662], [-37.3271141946834, -5.17499222044694], [-37.3271049173868, -5.17498736349576], [-37.3270956183107, -5.17498255712642], [-37.3270862956465, -5.17497780314267], [-37.3270769493942, -5.17497310154452], [-37.3270675777547, -5.17496845051864], [-37.3270554765223, -5.17496254076592], [-37.3270433353767, -5.17495671771809], [-37.3270311579303, -5.17495097957612], [-37.3270189423841, -5.1749453245267], [-37.3270066887333, -5.17493975437836], [-37.3269944006, -5.17493426371504], [-37.3269820761754, -5.17492885434049], [-37.3269697172729, -5.17492352264237], [-37.3269573220888, -5.17491826861598], [-37.3269448960393, -5.17491309046701], [-37.3269324355167, -5.17490798818594], [-37.3269199423392, -5.17490295635195], [-37.3269074164972, -5.17489799858205], [-37.3268948598089, -5.17489310945546], [-37.3268822740734, -5.17488829078542], [-37.3268696575011, -5.17488353714158], [-37.3268570100824, -5.17487885214101], [-37.3268443354394, -5.17487423036762], [-37.3268316317635, -5.17486967362518], [-37.326818900868, -5.17486517830136], [-37.3268061427577, -5.17486074258764], [-37.3267933592365, -5.17485636648878], [-37.3267805485005, -5.17485205], [-37.3267677141716, -5.17484778770524], [-37.3267548544366, -5.17484358321675], [-37.3267419693096, -5.174839431109], [-37.3267290642024, -5.17483533139621], [-37.326716133708, -5.17483128225557], [-37.3267031814388, -5.17482728188807], [-37.3266902091942, -5.17482333210701], [-37.3266772151844, -5.17481942748203], [-37.3266642012086, -5.17481556982637], [-37.3266511672762, -5.17481175552303], [-37.326638113392, -5.17480798276339], [-37.3266250431591, -5.17480425336558], [-37.326611954783, -5.17480056370773], [-37.3265988482685, -5.17479691198132], [-37.3265857254243, -5.17479329638255], [-37.3265725862455, -5.17478971871996], [-37.3265594325504, -5.17478617357271], [-37.3265462643341, -5.17478266274935], [-37.3265330816014, -5.17477918444131], [-37.3265198843619, -5.17477573503151], [-37.3265066762232, -5.17477231452952], [-37.3264934535777, -5.17476892292577], [-37.3264802218464, -5.17476555661751], [-37.3264669774216, -5.17476221559517], [-37.326453722112, -5.17475889805501], [-37.3264404577261, -5.17475560219325], [-37.3264271842688, -5.17475232620131], [-37.32641390174, -5.17474907007924], [-37.3264018504302, -5.1747461337063], [-37.3264006119484, -5.17474583202326], [-37.3263873148986, -5.17474261022483], [-37.3263740105908, -5.17473940468392], [-37.3263607008383, -5.17473621178825], [-37.3263473838324, -5.17473303334158], [-37.3263340631952, -5.17472986392783], [-37.3263207389267, -5.17472670354703], [-37.3263074092231, -5.17472355219436], [-37.3262940776967, -5.17472040807081], [-37.3262807443524, -5.17471726936789], [-37.3262674073911, -5.17471413427228], [-37.3262540704204, -5.1747110027935], [-37.3262407316414, -5.17470787311827], [-37.3261624700269, -5.1746912935133], [-37.326123338318, -5.17468300460954], [-37.3260842065966, -5.17467472112935], [-37.3260450730683, -5.17466643945081], [-37.3260059377189, -5.17465816499955], [-37.3259863691381, -5.17465402957932], [-37.3259668005531, -5.17464989596708], [-37.3259472301598, -5.17464576415808], [-37.3259276615662, -5.17464163416189], [-37.3259080911595, -5.17463750777745], [-37.3258885189495, -5.17463338138774], [-37.3258689485342, -5.17462925861937], [-37.3258493763107, -5.1746251376542], [-37.3258298022743, -5.17462102030084], [-37.3258102282336, -5.1746169047555], [-37.3257906541838, -5.17461279282669], [-37.3257710783258, -5.17460868270116], [-37.3257515024588, -5.17460457619216], [-37.3257319247787, -5.17460047329492], [-37.3257123470897, -5.17459637401426], [-37.3256927675876, -5.17459227834537], [-37.3256731880765, -5.17458818629306], [-37.3256536049486, -5.17458409784771], [-37.3256340236154, -5.17458001302372], [-37.3256144404693, -5.17457593181149], [-37.3255978879952, -5.1745724861765], [-37.3255813355119, -5.17456904415818], [-37.3255647812107, -5.17456560756035], [-37.3255482250965, -5.17456217457443], [-37.3255316689683, -5.17455874701375], [-37.3255151128214, -5.17455532668687], [-37.3254985530528, -5.17455191177566], [-37.3254819932654, -5.17454850409823], [-37.3254654316507, -5.17454510545833], [-37.3254488682135, -5.17454171404746], [-37.3254323029441, -5.17453833348265], [-37.3254157358473, -5.17453496195537], [-37.3253991669232, -5.17453159946568], [-37.3253825961623, -5.17452824963055], [-37.3253660235692, -5.17452491064152], [-37.3253494473354, -5.17452158430231], [-37.3253328710686, -5.17451827062252], [-37.3253162911563, -5.17451497140107], [-37.3252997094071, -5.17451168483425], [-37.3252831240077, -5.17450841453436], [-37.3252665367666, -5.1745051586976], [-37.3252499458753, -5.17450191912776], [-37.3252333549415, -5.17449869583434], [-37.3252167585487, -5.17449549061165], [-37.3252001603096, -5.17449230166062], [-37.3251835584107, -5.17448913259358], [-37.3251669546606, -5.17448598160676], [-37.3251503454421, -5.17448285230769], [-37.3251337361763, -5.17447974109359], [-37.3251171214422, -5.17447665156726], [-37.3251005030434, -5.17447358373342], [-37.3250838809802, -5.17447053759213], [-37.3250694459329, -5.17446791139087], [-37.3250550108478, -5.17446529965763], [-37.325040570318, -5.17446270056952], [-37.3250261297599, -5.17446011233235], [-37.3250116873743, -5.17445753313281], [-37.3249972449795, -5.17445495755005], [-37.3249828007667, -5.17445238738784], [-37.3249683565541, -5.17444981722532], [-37.3249539123417, -5.17444724706253], [-37.324939469943, -5.17444467328713], [-37.3249250257548, -5.17444209408107], [-37.3249105851937, -5.17443950765009], [-37.3248961446614, -5.17443691036763], [-37.3248817059617, -5.17443430223841], [-37.3248672691089, -5.17443167783684], [-37.3248528359069, -5.17442903716769], [-37.3248384045566, -5.17442637841766], [-37.3248239768761, -5.1744236961659], [-37.3248095528607, -5.17442099222095], [-37.3247951325199, -5.17441826296575], [-37.3247807158632, -5.17441550478321], [-37.3247663046992, -5.17441271586956], [-37.3247518972289, -5.17440989441155], [-37.3247374952657, -5.1744070367968], [-37.3247231006085, -5.17440414483866], [-37.3247087096688, -5.17440121129344], [-37.3246943260543, -5.17439823617068], [-37.3246799497697, -5.17439521766185], [-37.3246655808199, -5.17439215395837], [-37.3246512174151, -5.17438903962996], [-37.3246368631585, -5.17438587649462], [-37.3246225162604, -5.17438265912198], [-37.3246092547976, -5.17437963451743], [-37.3245960024828, -5.17437656110599], [-37.324582759321, -5.17437343707917], [-37.3245695253119, -5.17437026243694], [-37.324556304073, -5.17436703357179], [-37.3245430938004, -5.17436375047895], [-37.3245298963026, -5.17436041135463], [-37.3245167151875, -5.17435701620841], [-37.3245035486654, -5.17435355960989], [-37.3244904003346, -5.1743500451857], [-37.3244772684055, -5.17434646750546], [-37.3244641546867, -5.17434282476539], [-37.3244510609726, -5.17433912058736], [-37.3244379890862, -5.17433534774198], [-37.3244249372187, -5.17433150803303], [-37.3244119089827, -5.17432759966152], [-37.3243989061916, -5.17432361901514], [-37.3243859270367, -5.17431956789764], [-37.3243729733315, -5.17431544269678], [-37.3243600468799, -5.17431124341728], [-37.3243471494952, -5.17430696644687], [-37.3243342793735, -5.17430261178076], [-37.3243214401274, -5.17429817761998], [-37.3243086335656, -5.17429366216077], [-37.3242958578841, -5.17428906539835], [-37.3242831148915, -5.17428438552897], [-37.3242704082053, -5.17427961894508], [-37.3242577342128, -5.1742747674457], [-37.3242450983399, -5.17426982561955], [-37.324232500582, -5.17426479527512], [-37.3242199391399, -5.17425967459916], [-37.3242074194347, -5.1742544599889], [-37.3241928855459, -5.1742482706682], [-37.3241784061069, -5.17424195489292], [-37.3241639792949, -5.1742355198924], [-37.3241496051098, -5.17422896566667], [-37.3241352817336, -5.17422229763655], [-37.3241210073575, -5.17421551760582], [-37.3241067819721, -5.17420862919158], [-37.324092603764, -5.17420163600611], [-37.3240784709197, -5.1741945416617], [-37.3240643852384, -5.17418734797166], [-37.3240503430981, -5.1741800603521], [-37.3240363426949, -5.17417267879823], [-37.3240223876222, -5.17416520874521], [-37.3240084706599, -5.17415765198248], [-37.3239945954013, -5.17415001394521], [-37.323980758234, -5.17414229643239], [-37.3239669591484, -5.17413450306108], [-37.3239531963312, -5.17412663744359], [-37.3239394697823, -5.17411869957995], [-37.3239257776788, -5.1741106966995], [-37.3239121182122, -5.17410263060602], [-37.3238984913728, -5.17409450491659], [-37.323884897156, -5.17408632143972], [-37.3238713319444, -5.17407808378298], [-37.3238577975276, -5.17406979737675], [-37.323844290298, -5.17406146221143], [-37.3238308084372, -5.17405308370791], [-37.3238173555484, -5.1740446636843], [-37.3238039244018, -5.17403620754705], [-37.323790518605, -5.17402771530573], [-37.32377713634, -5.17401919238119], [-37.3237637739942, -5.1740106405724], [-37.323748713564, -5.17400095573637], [-37.323733678479, -5.1739912366048], [-37.3237186705336, -5.17398148679953], [-37.323703691546, -5.17397170089969], [-37.3236887397123, -5.17396187890051], [-37.3236738168316, -5.17395202261533], [-37.3236589211095, -5.1739421284223], [-37.3236440561539, -5.17393219633095], [-37.3236292201655, -5.173922224528], [-37.3236144167521, -5.173912213023], [-37.323599642306, -5.17390216180638], [-37.3235848986359, -5.1738920690744], [-37.3235701875455, -5.17388193483183], [-37.3235555072406, -5.17387175545682], [-37.3235408613241, -5.17386153276747], [-37.3235262461979, -5.17385126313716], [-37.32351166546, -5.17384095019253], [-37.3234971191249, -5.17383058850792], [-37.3234826071877, -5.17382017989191], [-37.3234681296533, -5.17380972253597], [-37.3234536883302, -5.17379921463633], [-37.3234392814098, -5.17378865799676], [-37.3234249107103, -5.17377804719645], [-37.323410578026, -5.17376738585719], [-37.3233962815579, -5.17375667216571], [-37.3233820213153, -5.17374590250496], [-37.3233678009014, -5.173735078693], [-37.3233536185171, -5.17372419891652], [-37.323339474167, -5.17371326136702], [-37.3233253696502, -5.1737022678578], [-37.3233113049764, -5.17369121477175], [-37.3232972801455, -5.17368010210892], [-37.323283869389, -5.17366938895159], [-37.3232704966619, -5.17365861982978], [-37.3232571619643, -5.1736477947435], [-37.3232438652914, -5.17363691550127], [-37.323230610251, -5.17362598211268], [-37.32321739324, -5.1736149927596], [-37.3232042178615, -5.17360394926015], [-37.3231910823116, -5.17359285160954], [-37.3231779902028, -5.17358169800879], [-37.3231649397217, -5.17357049207022], [-37.323151930873, -5.17355923198528], [-37.3231389654654, -5.17354791595019], [-37.3231260434894, -5.17353654758208], [-37.3231131667488, -5.17352512688565], [-37.3231003334493, -5.17351365023915], [-37.3230875453805, -5.1735021230729], [-37.3230748043605, -5.17349053996608], [-37.3230621085712, -5.17347890633951], [-37.3230494598259, -5.17346721858095], [-37.32303685812, -5.17345547849889], [-37.323024305262, -5.17344368428962], [-37.3230117994386, -5.17343183956538], [-37.3229993424583, -5.17341994252242], [-37.3229869361251, -5.17340799316557], [-37.3229745786351, -5.17339599149002], [-37.3229622717873, -5.17338393930908], [-37.3229500155866, -5.17337183481424], [-37.3229378100329, -5.17335967800547], [-37.3229256587293, -5.17334747070087], [-37.3229135580679, -5.17333521289091], [-37.3229015116613, -5.1733229027766], [-37.3228895177009, -5.17331054216169], [-37.3228775779905, -5.17329813105098], [-37.3228656925301, -5.17328566944445], [-37.3228538631188, -5.17327315915541], [-37.3228420897709, -5.17326059475829], [-37.3228303706636, -5.17324798348245], [-37.3228187094139, -5.17323532172034], [-37.3228071060221, -5.17322260947199], [-37.3227955586793, -5.17320984854116], [-37.3227840691942, -5.17319703712408], [-37.32277264117, -5.17318417703886], [-37.3227612691995, -5.17317126646262], [-37.3227499586851, -5.17315830902677], [-37.3227387078322, -5.17314530110946], [-37.32272751844, -5.17313224452402], [-37.3227163905038, -5.17311914107898], [-37.3227053240331, -5.17310598715726], [-37.3226943208221, -5.17309278638074], [-37.3226833790719, -5.17307953693604], [-37.3226725005815, -5.17306624063656], [-37.3226616871595, -5.17305289567849], [-37.3226509370021, -5.1730395020571], [-37.3226402519084, -5.17302606158565], [-37.3226296336821, -5.17301257426895], [-37.3226190805196, -5.17299904010221], [-37.3226085942246, -5.17298545909023], [-37.3225981748018, -5.17297182942447], [-37.3225878222419, -5.172958154722], [-37.3225775383533, -5.17294443317904], [-37.3225673231361, -5.17293066479565], [-37.3225571765855, -5.1729168513803], [-37.3225471005149, -5.17290298932074], [-37.3225370949101, -5.17288908404257], [-37.3225254757967, -5.17287275646548], [-37.3225139506423, -5.17285636945502], [-37.322502510423, -5.1728399247959], [-37.322491153325, -5.17282342610038], [-37.3224798739275, -5.17280687697122], [-37.3224686686226, -5.17279027739885], [-37.3224575283767, -5.17277363278505], [-37.3224464531802, -5.17275694674684], [-37.3224354358177, -5.17274021926515], [-37.3224244708679, -5.17272345394271], [-37.3224135547137, -5.17270665438704], [-37.3224026819339, -5.17268982420092], [-37.3223918489159, -5.17267296518326], [-37.3223810484396, -5.17265607912354], [-37.3223702768876, -5.1726391696293], [-37.3223595306427, -5.17262224030802], [-37.3223488042885, -5.17260529295395], [-37.3223380924039, -5.17258833116976], [-37.3223273913715, -5.17257135856304], [-37.322316693976, -5.17255437511465], [-37.3222952938128, -5.1725203937353], [-37.3222845838202, -5.17250339940227], [-37.3222738575837, -5.17248640864332], [-37.3222631132947, -5.17246942326222], [-37.3222523455415, -5.17245244324461], [-37.3222415488936, -5.17243547581036], [-37.3222307179393, -5.17241852094507], [-37.3222198472527, -5.17240158406007], [-37.3222089350299, -5.17238466515056], [-37.322197974046, -5.17236776781451], [-37.3221869624875, -5.17235089566419], [-37.3221759290735, -5.17233410303206], [-37.3221648486926, -5.17231733559521], [-37.3221537285795, -5.17230058613866], [-37.3221425795669, -5.17228385107391], [-37.3221314088845, -5.17226712499454], [-37.3221202255564, -5.17225040611585], [-37.3221090422242, -5.17223368904568], [-37.3220978643183, -5.17221696656423], [-37.322086702662, -5.17220023870012], [-37.3220755644899, -5.17218349823836], [-37.3220644606348, -5.17216674159054], [-37.3220534019292, -5.1721499651682], [-37.3220423937945, -5.17213316536866], [-37.3220314470728, -5.17211633498639], [-37.3220205725968, -5.17209947043302], [-37.322009775783, -5.17208256991435], [-37.3219990692776, -5.17206562622964], [-37.3219884603006, -5.1720486375895], [-37.3219779596944, -5.17203159678841], [-37.3219675746792, -5.172014502037], [-37.3219573142886, -5.17199734793354], [-37.3219471893602, -5.17198012908103], [-37.321937208918, -5.17196284369487], [-37.3219273801966, -5.17194548456006], [-37.3219177140238, -5.17192804989667], [-37.3219082194382, -5.17191053249449], [-37.321898905459, -5.17189293237737], [-37.3218897793254, -5.17187524052179], [-37.3218808518656, -5.17185745514783], [-37.3218721339121, -5.1718395726671], [-37.3218636326995, -5.17182158586462], [-37.3218553554481, -5.17180349295092], [-37.3218485322558, -5.17178808957892], [-37.3218418662004, -5.17177261066409], [-37.3218353518608, -5.17175705980912], [-37.3218289783993, -5.17174144241098], [-37.3218227385911, -5.17172576206763], [-37.3218166216033, -5.17171002236747], [-37.321810618407, -5.17169422690371], [-37.3218047235764, -5.1716783810876], [-37.3217989244749, -5.17166248850282], [-37.3217932120735, -5.17164655274247], [-37.3217875809464, -5.17163057921791], [-37.321782018457, -5.17161457151273], [-37.321776517385, -5.17159853141636], [-37.3217710686872, -5.17158246794763], [-37.3217656615405, -5.17156638107783], [-37.321760290519, -5.17155027621823], [-37.321754942986, -5.17153415695253], [-37.3217496135156, -5.17151802869194], [-37.3217389654272, -5.1714857613483], [-37.3217336305552, -5.17146962945641], [-37.3217282740226, -5.17145350293284], [-37.3217228903989, -5.1714373889974], [-37.321717468856, -5.17142128942999], [-37.3217120021642, -5.17140520963704], [-37.3217064794907, -5.17138915320701], [-37.3217008918068, -5.17137312373308], [-37.3216952300786, -5.17135712661694], [-37.3216894870862, -5.17134116364807], [-37.3216836519871, -5.17132524203192], [-37.3216777175612, -5.17130936355792], [-37.3216716729709, -5.171293533623], [-37.3216633642225, -5.17127233535289], [-37.3216548513993, -5.17125122696982], [-37.3216461435301, -5.17123020488056], [-37.3216372460315, -5.17120926729094], [-37.3216281715495, -5.17118840700022], [-37.3216189254958, -5.17116762402277], [-37.3216095187126, -5.17114691115307], [-37.3215999584201, -5.17112626660173], [-37.3215902536473, -5.17110568677552], [-37.3215804134231, -5.17108516808127], [-37.3215704467809, -5.17106470511726], [-37.321560360946, -5.17104429428552], [-37.321550166751, -5.17102393199764], [-37.3215398714208, -5.17100361465567], [-37.3215294821758, -5.17098334047015], [-37.3215190116621, -5.17096310224041], [-37.321508465296, -5.17094289817221], [-37.3214978521064, -5.1709227246724], [-37.3214871829308, -5.17090257634402], [-37.3214764631856, -5.17088245139287], [-37.3214657037082, -5.17086234442198], [-37.3214549135275, -5.17084225183819], [-37.3214440980599, -5.17082217184727], [-37.3214332699514, -5.17080209724856], [-37.3214116064969, -5.17076195707479], [-37.3214007874142, -5.17074188069151], [-37.3213899899927, -5.17072179893997], [-37.321379219663, -5.17070170460036], [-37.3213684890618, -5.17068159408905], [-37.3213578036102, -5.17066146380334], [-37.321347174136, -5.17064131196331], [-37.321340147262, -5.17062791011454], [-37.3213331474747, -5.17061449748626], [-37.321326174779, -5.17060107226987], [-37.3213192291701, -5.17058763627396], [-37.3213123106479, -5.17057418949853], [-37.3213054156048, -5.17056073193397], [-37.3212985476533, -5.17054726178137], [-37.321291703176, -5.1705337826482], [-37.3212848821778, -5.17052029272594], [-37.3212780864624, -5.17050679201939], [-37.3212713124223, -5.17049328051896], [-37.3212645618564, -5.17047976003799], [-37.3212578329657, -5.17046622876315], [-37.3212511257454, -5.17045268850295], [-37.3212444383916, -5.17043913925268], [-37.321237772713, -5.17042557920853], [-37.321231126901, -5.17041201017429], [-37.3212245009507, -5.17039843395845], [-37.3212178948717, -5.17038484694398], [-37.3212113050515, -5.17037125092988], [-37.3212047350931, -5.17035764773417], [-37.3211981813935, -5.17034403553882], [-37.321191643948, -5.17033041615233], [-37.3211851245651, -5.170316787771], [-37.3211786196323, -5.17030315219371], [-37.3211721327623, -5.17028950762158], [-37.3211656585338, -5.17027585765731], [-37.3211591987602, -5.17026219868859], [-37.3211527534367, -5.17024853252399], [-37.3211463225635, -5.17023485916346], [-37.3211399025279, -5.170221180406], [-37.3211334969425, -5.17020749445269], [-37.3211271021995, -5.17019380129391], [-37.3211207182942, -5.1701801027382], [-37.3211143470352, -5.1701663969818], [-37.32110798481, -5.17015268582374], [-37.3211016316187, -5.17013896926394], [-37.3210952892697, -5.17012524549872], [-37.3210889559498, -5.17011151814032], [-37.3210826298598, -5.17009778537547], [-37.3210763128085, -5.17008404540037], [-37.3210700011784, -5.17007030182257], [-37.3210636967735, -5.1700565546468], [-37.3210573996033, -5.17004280025606], [-37.3210511078496, -5.17002904407112], [-37.3210448215221, -5.17001528247496], [-37.3210385406206, -5.1700015154675], [-37.3210322633365, -5.16998774485258], [-37.3210259896652, -5.1699739724387], [-37.321019719616, -5.16996019460881], [-37.3210134531843, -5.16994641317139], [-37.3210071867576, -5.16993262992547], [-37.3210009239531, -5.16991884126354], [-37.3209946611535, -5.16990505079309], [-37.3209821391817, -5.16987746262767], [-37.3209570862975, -5.16982225733666], [-37.3209445463609, -5.1697946419957], [-37.3209382727875, -5.16978083341144], [-37.3209319956114, -5.16976702300913], [-37.3209268178133, -5.16975564077817], [-37.3209216364124, -5.16974425672912], [-37.320916453203, -5.16973287448386], [-37.3209112627783, -5.16972149221948], [-37.3209060651287, -5.16971011355306], [-37.3209008620677, -5.16969873487237], [-37.3208956535904, -5.16968735798587], [-37.3208904342806, -5.1696759846878], [-37.3208852077412, -5.16966461679621], [-37.320879970374, -5.16965325068454], [-37.3208747239733, -5.16964188997456], [-37.32086946674, -5.16963053285302], [-37.3208641968608, -5.16961918293219], [-37.3208589143405, -5.16960783840352], [-37.3208536191741, -5.16959650107556], [-37.3208483095628, -5.169585169135], [-37.320842985492, -5.16957384800742], [-37.3208376469763, -5.16956253226725], [-37.3208322921973, -5.16955122733531], [-37.3208269193608, -5.16953992958973], [-37.3208215302611, -5.16952864265236], [-37.3208161212905, -5.16951736651367], [-37.3208106942529, -5.16950610117839], [-37.3208052473443, -5.1694948466418], [-37.32079978056, -5.16948360471239], [-37.3207942902971, -5.1694723735721], [-37.3207887801538, -5.16946115684752], [-37.3207832465223, -5.16944995452913], [-37.3207776912113, -5.16943876481317], [-37.3207721088043, -5.1694275894938], [-37.3207665047131, -5.1694164285854], [-37.3207608717126, -5.16940528568588], [-37.320755215224, -5.16939415719256], [-37.3207495298309, -5.16938304489958], [-37.3207438173323, -5.16937195062031], [-37.3207380759245, -5.16936087434993], [-37.3207323056074, -5.16934981608847], [-37.3207265045772, -5.16933877583112], [-37.3207206728291, -5.16932775538644], [-37.3207148103632, -5.16931675475441], [-37.3207089153707, -5.16930577573879], [-37.3207029878565, -5.16929481653108], [-37.320697026012, -5.16928387893499], [-37.3206910298371, -5.1692729629505], [-37.3206849993318, -5.16926206857767], [-37.3206789326875, -5.16925119762025], [-37.3206728280956, -5.16924035188196], [-37.3206666891734, -5.1692295277553], [-37.3206605086911, -5.16921873064677], [-37.3206542920698, -5.16920795695362], [-37.3206480338932, -5.16919720847006], [-37.3206417377643, -5.16918648701417], [-37.3206353982714, -5.1691757925716], [-37.3206290190223, -5.16916512515197], [-37.3206225964045, -5.16915448655419], [-37.3206161304275, -5.16914387316121], [-37.320609621077, -5.16913329039864], [-37.3206030665493, -5.1691227382617], [-37.3205964668538, -5.16911221313331], [-37.3205898201723, -5.16910172043431], [-37.3205831283135, -5.16909125836092], [-37.3205763876697, -5.16908082690363], [-37.32056960004, -5.16907042787567], [-37.3205627618166, -5.16906006126755], [-37.3205521194424, -5.16904413596668], [-37.3205413614167, -5.16902828812697], [-37.3205304931654, -5.16901251233714], [-37.3205195183011, -5.16899680679814], [-37.3205084386276, -5.16898117151488], [-37.320497259566, -5.16896560288449], [-37.3204859847336, -5.16895009729954], [-37.320474615939, -5.16893465295624], [-37.3204631604072, -5.16891926625661], [-37.3204516181334, -5.16890393900924], [-37.3204399945483, -5.16888866399427], [-37.3204282950681, -5.16887343941755], [-37.320416519693, -5.16885826527899], [-37.3204046756479, -5.16884313798074], [-37.3203927629423, -5.16882805390566], [-37.3203807887916, -5.16881301307285], [-37.3203687550141, -5.16879801006155], [-37.3203566670213, -5.16878304488604], [-37.3203445248227, -5.16876811392927], [-37.3203323374471, -5.16875321359805], [-37.3203201030908, -5.16873834388759], [-37.3203078289786, -5.16872350119998], [-37.3202955187231, -5.16870868373621], [-37.3202831741424, -5.16869388607545], [-37.3202708006433, -5.16867911004057], [-37.3202584018479, -5.16866435021553], [-37.3202459795648, -5.1686496047966], [-37.3202335392054, -5.16863487379806], [-37.3202210843967, -5.16862014999538], [-37.3202086169377, -5.16860543520186], [-37.3201961440581, -5.16859072401099], [-37.320183665758, -5.16857601642279], [-37.3201311123709, -5.16851898400393], [-37.3200783346045, -5.16846222046252], [-37.3200251062809, -5.16840598924693], [-37.3199712048109, -5.16835056104916], [-37.3199164058109, -5.1682962029393], [-37.3198604830983, -5.16824318017397], [-37.3198032122849, -5.1681917616316], [-37.3197443689872, -5.16814221438203], [-37.3197025074724, -5.16810903423683], [-37.3196598623997, -5.16807679788317], [-37.3196165169706, -5.16804542053975], [-37.319572554396, -5.16801481380817], [-37.3195280542648, -5.16798489470609], [-37.3194831033957, -5.16795557484475], [-37.3194377795785, -5.16792676942856], [-37.3193921696271, -5.16789839187728], [-37.319355098691, -5.16787567780053], [-37.3193179299018, -5.16785313346633], [-37.3192806994747, -5.16783070652285], [-37.3192434436298, -5.1678083428097], [-37.3192061985825, -5.16778598997508], [-37.3191690023567, -5.16776359386339], [-37.3191318875602, -5.16774110211332], [-37.3190948958294, -5.16771845877031], [-37.3190580597671, -5.16769561328158], [-37.3190214155982, -5.16767250967826], [-37.3189850013373, -5.16764909742194], [-37.3189488532092, -5.16762532054379], [-37.3189130074244, -5.16760112850057], [-37.3188775002127, -5.16757646351501], [-37.3188423677799, -5.16755127685241], [-37.3188076463557, -5.16752551073548], [-37.3187651561689, -5.16749271953582], [-37.3187231892651, -5.16745918460158], [-37.3186815754717, -5.16742513697545], [-37.3186401482288, -5.16739080590109], [-37.3185987391769, -5.16735641880878], [-37.318557181756, -5.16732220494208], [-37.3185153094012, -5.16728839535305], [-37.3184729519542, -5.16725521565852], [-37.3184412617874, -5.16723122451378], [-37.3184092276752, -5.16720769363509], [-37.318376864072, -5.16718461401797], [-37.318344183624, -5.1671619784617], [-37.3183111989868, -5.16713977614852], [-37.3182779246102, -5.1671179998825], [-37.3182443713508, -5.16709663703256], [-37.3182105536489, -5.16707568401987], [-37.3181764823609, -5.16705512821328], [-37.3181421737454, -5.16703496061324], [-37.3181076386445, -5.16701517401416], [-37.3180728897091, -5.1669957594069], [-37.3180379395947, -5.16697670597363], [-37.3180028027463, -5.16695800832704], [-37.3179674918244, -5.1669396538408], [-37.3179320194797, -5.16692163350574], [-37.3178835461736, -5.16689765571748], [-37.3178348115813, -5.16687425958471], [-37.3177858247841, -5.16685142162041], [-37.3177366038729, -5.1668291219784], [-37.3176871579194, -5.16680734078878], [-37.3176375014258, -5.1667860509617], [-37.3175876452629, -5.16676523444051], [-37.3175376039284, -5.16674486594397], [-37.3174873882928, -5.16672492741545], [-37.3174370128538, -5.16670539357371], [-37.3173864902955, -5.1666862427498], [-37.3173358296896, -5.16666745507377], [-37.3172850473376, -5.16664900526918], [-37.3172341559139, -5.16663087528422], [-37.3171831663133, -5.16661303801955], [-37.3171320930095, -5.16659547723667], [-37.3170670657924, -5.16657352808204], [-37.3170019075208, -5.16655202709303], [-37.3169366000656, -5.16653100858371], [-37.3168711306946, -5.16651051230824], [-37.3168054812595, -5.16649057981478], [-37.3167396354301, -5.16647124723077], [-37.3166735786657, -5.16645255611396], [-37.3166072964397, -5.16643454259654], [-37.3165690972893, -5.16642451596104], [-37.3165308199021, -5.16641474412044], [-37.3164924678381, -5.16640524516956], [-37.3164540410544, -5.16639603538518], [-37.3164155431012, -5.16638713647913], [-37.3163769757441, -5.16637856292448], [-37.3163383407346, -5.16637033461974], [-37.3162996416371, -5.16636246785123], [-37.3162608802078, -5.16635498070901], [-37.316222056394, -5.16634789308685], [-37.3161831755692, -5.16634121946734], [-37.3161442376806, -5.16633497974422], [-37.3161052462833, -5.16632919382088], [-37.3160662031431, -5.1663238761703], [-37.3160271100157, -5.16631904488248], [-37.3159879686526, -5.16631471985603], [-37.3159775468018, -5.16631371377263], [-37.3159496752457, -5.166311024642], [-37.3159439458409, -5.16631047229743], [-37.3158998691146, -5.16630683226272], [-37.3158557458418, -5.16630374189814], [-37.3158115797637, -5.1663011505744], [-37.3157673728274, -5.16629900404035], [-37.3157231323963, -5.16629724625078], [-37.3156788622212, -5.16629582295934], [-37.3156345678474, -5.16629468354162], [-37.3155902530354, -5.16629377013421], [-37.3155459233351, -5.16629303030413], [-37.3155015824976, -5.16629240980515], [-37.3154572342739, -5.16629185439093], [-37.3154128842187, -5.16629130982004], [-37.3153685378822, -5.1662907236595], [-37.3153241990202, -5.16629003985451], [-37.3152798713836, -5.16628920415886], [-37.3152031148881, -5.16628733647945], [-37.3151263953235, -5.16628514696869], [-37.3150496992937, -5.16628292676617], [-37.3149730169957, -5.16628097244644], [-37.3148963332295, -5.16627957514414], [-37.3148196363927, -5.16627902962049], [-37.3147429130839, -5.16627962882331], [-37.3146661499016, -5.16628166570034], [-37.3146175248018, -5.16628382071999], [-37.314568897834, -5.16628668287004], [-37.3145202924195, -5.1662902630639], [-37.3144717229554, -5.16629457399957], [-37.3144232128628, -5.1662996265904], [-37.3143747801466, -5.16630543354404], [-37.314326446424, -5.1663120057691], [-37.3142782315038, -5.16631935597796], [-37.3142301533858, -5.16632749868671], [-37.314182233697, -5.16633644118697], [-37.3141344922364, -5.16634619980819], [-37.3140869470232, -5.16635678183239], [-37.3140396196555, -5.16636820540234], [-37.3139925299563, -5.16638047780489], [-37.3139456959303, -5.16639361174764], [-37.3138991391901, -5.1664076199478], [-37.3138365925058, -5.16642797340875], [-37.3137745721093, -5.16644985647678], [-37.3137130656121, -5.16647317869207], [-37.31365205343, -5.16649784234144], [-37.3135915213658, -5.16652375876876], [-37.3135314534335, -5.16655083388758], [-37.3134718354552, -5.16657897180761], [-37.3134126478276, -5.16660808204986], [-37.3133458325875, -5.16664230463982], [-37.3132796616841, -5.16667775331431], [-37.3132142431087, -5.16671451878759], [-37.3131496830484, -5.16675269176905], [-37.3130860877051, -5.16679235754259], [-37.313023563261, -5.16683360862625], [-37.3129622159035, -5.16687653572958], [-37.3129021536379, -5.16692122414137], [-37.3128580242385, -5.16695591753002], [-37.3128146570672, -5.16699159497766], [-37.3127720378605, -5.16702819314762], [-37.3127301433167, -5.16706565591335], [-37.312688959158, -5.16710392536379], [-37.3126484639007, -5.16714293995163], [-37.3126086432673, -5.16718264176578], [-37.312569479377, -5.167222971077], [-37.3125305310526, -5.16726431916466], [-37.3124921891979, -5.16730620599741], [-37.3124544052334, -5.16734858442425], [-37.3124171341684, -5.16739141453765], [-37.312380329227, -5.16743464919131], [-37.3123439436243, -5.16747824485592], [-37.3123079341731, -5.16752216162883], [-37.3122722522987, -5.16756635055033], [-37.312234927177, -5.16761323705141], [-37.3121979674693, -5.16766041207831], [-37.3121614254057, -5.16770790651524], [-37.3121253496039, -5.16775575304531], [-37.3120897958972, -5.16780398437094], [-37.3120548129078, -5.16785263136669], [-37.3120204528662, -5.1679017249169], [-37.3119867679976, -5.16795129771431], [-37.311960005231, -5.16799175219896], [-37.3119335089369, -5.16803239366994], [-37.3119070756683, -5.16807307509424], [-37.3118805001743, -5.16811364943401], [-37.3118535736012, -5.16815396783324], [-37.3118260888894, -5.16819388505776], [-37.3117978425968, -5.16823325226582], [-37.3117686258695, -5.16827192060131], [-37.3117321349876, -5.16831708934795], [-37.3116938873701, -5.16836080839278], [-37.3116538114859, -5.16840284243519], [-37.311611835823, -5.16844294894041], [-37.3115585696537, -5.16848855227168], [-37.3115027106899, -5.16853099098673], [-37.3114445403665, -5.16857025317452], [-37.3113843418984, -5.16860633597167], [-37.3113327051504, -5.16863402281903], [-37.3112799396609, -5.16865948577154], [-37.3112261374412, -5.16868271964847], [-37.3111713868804, -5.16870372468513], [-37.3111157745689, -5.16872249930344], [-37.311059396116, -5.16873904194949], [-37.3110023363034, -5.16875335284901], [-37.3109446871376, -5.16876542863006], [-37.3109057759718, -5.16877225530244], [-37.3108666963779, -5.16877797289059], [-37.3108275081515, -5.16878248027574], [-37.3107882692941, -5.16878567271737], [-37.3107490377974, -5.16878744909199], [-37.3107098716677, -5.1687877028505], [-37.3106708289016, -5.16878633106093], [-37.3106319656919, -5.16878323078656], [-37.3105625829578, -5.16877331783183], [-37.3104937351268, -5.16875896091314], [-37.3104251783477, -5.16874164599813], [-37.3103566741662, -5.16872286449423], [-37.3103166488558, -5.16871175833368], [-37.3102766075, -5.16870058159539], [-37.3102365935924, -5.16868925843673], [-37.310196654244, -5.16867770940768], [-37.3101568347477, -5.16866586047896], [-37.3101171840183, -5.16865363220541], [-37.3100777473535, -5.16864094874923], [-37.3100385682519, -5.16862773245939], [-37.3099996956187, -5.1686139075078], [-37.3099611765603, -5.16859939625301], [-37.3099230563791, -5.1685841210488], [-37.3098853785738, -5.16856800424421], [-37.3098481938487, -5.16855097182449], [-37.3098115457072, -5.16853294433016], [-37.3097754794518, -5.16851384411504], [-37.3097400439831, -5.16849359715965], [-37.3096908820157, -5.16846281506901], [-37.3096429850186, -5.16842981908315], [-37.3095962566974, -5.16839486937485], [-37.3095506007674, -5.16835822249988], [-37.3095059191349, -5.16832013681758], [-37.3094621173237, -5.16828086707987], [-37.3094190954364, -5.16824067164119], [-37.3093767607908, -5.16819980887518], [-37.3093273981144, -5.16815085949774], [-37.3092787529106, -5.16810140745013], [-37.3092307149337, -5.16805153201415], [-37.3091831775649, -5.16800130524713], [-37.3091360305631, -5.16795080462226], [-37.3090891691039, -5.16790010581861], [-37.3090424793482, -5.16784928268271], [-37.3089958582802, -5.16779840908988], [-37.3089580793782, -5.16775718951838], [-37.3089203367065, -5.16771591397822], [-37.308882699008, -5.1676745085027], [-37.3088452278099, -5.16763289910599], [-37.3088079918455, -5.16759101543848], [-37.3087710544555, -5.16754877990216], [-37.3087344807654, -5.16750612213784], [-37.308698335915, -5.1674629663608], [-37.3086621547428, -5.16741854451213], [-37.3086267148878, -5.16737346995014], [-37.3085922528164, -5.16732768181521], [-37.3085589977894, -5.16728111561161], [-37.3085271826748, -5.16723370685316], [-37.3084970403312, -5.16718539467072], [-37.3084688036266, -5.16713611457825], [-37.3084427036204, -5.16708580389323], [-37.3084169213437, -5.16702995994025], [-37.3083934833791, -5.16697302084145], [-37.3083719382523, -5.1669151789062], [-37.3083518380916, -5.16685662826199], [-37.3083327260018, -5.16679756482072], [-37.3083141559108, -5.16673818452316], [-37.3082956745456, -5.16667867786525], [-37.3082768304231, -5.16661924077338], [-37.3082578456459, -5.1665618270568], [-37.3082380610111, -5.16650469695622], [-37.3082174457577, -5.16644788656024], [-37.3081959655123, -5.16639143375646], [-37.308173585911, -5.16633537281533], [-37.3081502761928, -5.16627973982548], [-37.3081260001805, -5.16622457266962], [-37.308100723515, -5.16616990380973], [-37.3080744172295, -5.16611577295623], [-37.3080470433575, -5.16606221256145], [-37.3080185729322, -5.16600926233579], [-37.3079889697908, -5.16595695473637], [-37.3079581995598, -5.16590532765067], [-37.3079440743465, -5.16588283347132], [-37.3043764077483, -5.17426786460399], [-37.2943023970767, -5.18146540820486], [-37.2979360051488, -5.18277308556427], [-37.298485994214, -5.18311037902815], [-37.3127467399975, -5.1937515456303], [-37.3147006166145, -5.19520462125452], [-37.3175038536422, -5.19730355385809], [-37.318083687937, -5.19773770366534], [-37.3180838744387, -5.19773784330799], [-37.3200470082848, -5.19921500048951], [-37.3209807070657, -5.19834240722052], [-37.32230435179809, -5.197451646151947], [-37.3232395316152, -5.19676523802002], [-37.3253533639343, -5.19515961374123], [-37.3253508301208, -5.19515250303764], [-37.3253483035326, -5.19514538873613], [-37.3253457859689, -5.19513827265003], [-37.3253432756257, -5.19513115477455], [-37.3253407743119, -5.19512403330594], [-37.3253382820225, -5.19511691005275], [-37.3253357987624, -5.19510978320643], [-37.3253333263308, -5.19510265458031], [-37.3253308647323, -5.19509552236585], [-37.3253284121631, -5.19508838655826]]]]}}, {"type": "Feature", "properties": {"bairro": "PLANALTO 13 DE MAIO"}, "geometry": {"type": "MultiPolygon", "coordinates": [[[[-37.3475889495465, -5.20491254375674], [-37.3475535609318, -5.20492205621305], [-37.3475358639254, -5.2049268097204], [-37.3475181669282, -5.20493155961007], [-37.347500466323, -5.20493630948969], [-37.3474827639232, -5.20494105574687], [-37.3474650597286, -5.20494579838165], [-37.3474473519354, -5.20495053738923], [-37.3474296405389, -5.20495527457822], [-37.3474119273477, -5.20496000814478], [-37.3473942105625, -5.20496473627563], [-37.3473764901834, -5.20496945897076], [-37.3473587662057, -5.20497417803871], [-37.3473410368254, -5.20497889347479], [-37.3473233038558, -5.20498360166658], [-37.3473055654884, -5.20498830441792], [-37.347287821723, -5.20499300172882], [-37.3472700743685, -5.20499769179542], [-37.347252321616, -5.20500237642159], [-37.3472345634703, -5.20500705379873], [-37.3472167981275, -5.20501172392213], [-37.3471990273915, -5.20501638679654], [-37.3471812494583, -5.20502104241719], [-37.3471634661367, -5.20502568898027], [-37.3471456756179, -5.20503032828961], [-37.3471278779066, -5.20503495853665], [-37.3471100712036, -5.20503957790809], [-37.3470922591075, -5.20504419003053], [-37.3470773462153, -5.20504804292877], [-37.3470624297292, -5.20505189039148], [-37.3470475078406, -5.20505573422247], [-37.3470325823533, -5.20505957442646], [-37.3470027241627, -5.20506725481427], [-37.3469877914545, -5.20507109680662], [-37.3469728587321, -5.20507494422426], [-37.3469579260049, -5.20507879345002], [-37.346942993254, -5.20508265171815], [-37.3469280622881, -5.20508651722483], [-37.3469131313033, -5.20509038996531], [-37.346898203898, -5.20509427356617], [-37.3468832782635, -5.20509816983125], [-37.3468683580032, -5.20510208057858], [-37.3468534395089, -5.20510600579862], [-37.3468385281928, -5.20510994550568], [-37.3468236222365, -5.20511390512064], [-37.3468087198409, -5.20511788283019], [-37.3467938264132, -5.20512188045711], [-37.34677894014, -5.20512590161379], [-37.3467640628252, -5.20512994630495], [-37.3467491944688, -5.20513401453058], [-37.3467343332574, -5.20513810990307], [-37.346719484603, -5.20514223243662], [-37.3467046448881, -5.20514638573885], [-37.3466898177254, -5.20515056801074], [-37.3466750012968, -5.20515478467314], [-37.3466601992197, -5.20515903211848], [-37.3466454096759, -5.20516331576766], [-37.3466306344694, -5.20516763562541], [-37.3466158717915, -5.20517199349554], [-37.3466011270495, -5.20517639120083], [-37.3465863966352, -5.20518082873182], [-37.3465716841474, -5.20518530971507], [-37.3465569877867, -5.2051898323373], [-37.3465423093428, -5.2051944020289], [-37.3465276488206, -5.20519901698134], [-37.3465130080146, -5.20520368081642], [-37.3464983887288, -5.20520839353895], [-37.3464837873551, -5.20521315513941], [-37.3464692074873, -5.2052179710529], [-37.3464546509296, -5.20522284128424], [-37.3464401158825, -5.2052277640201], [-37.3464256041359, -5.20523274469087], [-37.3464111156898, -5.20523778329656], [-37.3463966523434, -5.20524288165046], [-37.3463822122881, -5.20524804155639], [-37.3463677991318, -5.20525326302382], [-37.3463534128697, -5.2052585478613], [-37.3463390516932, -5.20526389787271], [-37.3463247192103, -5.20526931306742], [-37.3463104154066, -5.20527479887119], [-37.3462961402871, -5.20528035347541], [-37.3462818938515, -5.20528597688007], [-37.3462676778899, -5.20529167451563], [-37.346253494206, -5.20529744638678], [-37.3462393409961, -5.20530329248878], [-37.3462252182552, -5.20530921463022], [-37.346211131386, -5.20531521644241], [-37.3461970767804, -5.20532129791587], [-37.3461830544385, -5.20532745905062], [-37.3461690679634, -5.20533370166465], [-37.3461551173457, -5.20534002937508], [-37.3461312666659, -5.20535108219076], [-37.3461075127958, -5.20536236675608], [-37.3460838521558, -5.20537387221025], [-37.3460602739787, -5.20538557682212], [-37.3460367764982, -5.20539746611861], [-37.346013348933, -5.20540952379431], [-37.3459899859184, -5.20542173174937], [-37.3459666802761, -5.2054340754965], [-37.3459434248328, -5.20544653873972], [-37.3459202106205, -5.20545910156127], [-37.3458970340643, -5.20547175129175], [-37.3458738861915, -5.20548446982196], [-37.3458507598335, -5.20549723904741], [-37.3458276478121, -5.20551004448068], [-37.3457814435117, -5.20553569337557], [-37.3457583350818, -5.20554850424054], [-37.3457352140989, -5.20556128613431], [-37.3457120715951, -5.20557401913911], [-37.3456889040049, -5.20558668696847], [-37.3456657023462, -5.20559927513025], [-37.3456424576417, -5.20561176732377], [-37.3456191663353, -5.20562414364545], [-37.3455958194403, -5.20563639141173], [-37.3455724115967, -5.20564849071426], [-37.3455489338225, -5.20566042706097], [-37.3455253807529, -5.20567218235203], [-37.3455017434058, -5.20568374209537], [-37.3454780164215, -5.20569508638265], [-37.34545518099229, -5.20570574136048], [-37.347653928871146, -5.204895064659027], [-37.3475889495465, -5.20491254375674]]], [[[-37.3449936023566, -5.20587542780835], [-37.3449726531311, -5.20588209156952], [-37.3449517021108, -5.20588875170799], [-37.3449307510666, -5.20589542088841], [-37.3449098053915, -5.20590210635916], [-37.3448888686747, -5.205908815364], [-37.3448679444909, -5.20591556057223], [-37.3448470364292, -5.2059223492276], [-37.344826148074, -5.20592919038232], [-37.3448052830047, -5.20593609489721], [-37.3447844466146, -5.20594307002072], [-37.3447636424878, -5.20595012480509], [-37.3447428723999, -5.20595727010638], [-37.3447277194287, -5.20596255107322], [-37.3447125861686, -5.20596788273124], [-37.3446974708253, -5.20597326145863], [-37.3446823752122, -5.20597868364302], [-37.3446672939172, -5.20598414927016], [-37.3446522305627, -5.20598965292391], [-37.3446371797412, -5.20599519278148], [-37.3446221432616, -5.20600076703904], [-37.3446071193293, -5.20600637207477], [-37.3445921079538, -5.20601200427154], [-37.3445771055271, -5.20601766361986], [-37.3445621138674, -5.20602334469884], [-37.3445471293714, -5.20602904569043], [-37.3445321520439, -5.20603476478608], [-37.3445171818943, -5.20604049836868], [-37.3445022171281, -5.20604624281639], [-37.3444872559413, -5.20605199812445], [-37.3444722983481, -5.20605775886721], [-37.3444423885496, -5.20606928940841], [-37.3444274345543, -5.20607505377643], [-37.3444124805732, -5.20608081271836], [-37.3443975230028, -5.20608656441614], [-37.3443825636518, -5.20609230706597], [-37.3443675989219, -5.20609803704128], [-37.3443526306217, -5.20610375253819], [-37.3443376551526, -5.20610944993019], [-37.3443226743283, -5.20611512560487], [-37.3443076845406, -5.20612077955276], [-37.3442926840045, -5.20612640453492], [-37.3442776745192, -5.2061320023646], [-37.3442626542904, -5.20613756941999], [-37.3442485641176, -5.20614275550479], [-37.3442344650004, -5.20614791262865], [-37.34422694757561, -5.206150644798079], [-37.3442733, -5.206141500000001], [-37.34500354585539, -5.205872258898285], [-37.3449936023566, -5.20587542780835]]], [[[-37.3346474611444, -5.21211834899642], [-37.3321415423238, -5.21628783598793], [-37.3321120738672, -5.21702490822883], [-37.3299093728523, -5.21572186452548], [-37.3281036074096, -5.21852147128512], [-37.3271387816704, -5.22034311721373], [-37.3251742155675, -5.22362422207717], [-37.3249582330263, -5.22398127579727], [-37.324922401597, -5.22406838406314], [-37.3248923605764, -5.22415763715302], [-37.3248682382881, -5.22424865381122], [-37.3248501377732, -5.22434104524897], [-37.3248381363503, -5.22443441680508], [-37.3248322852846, -5.22452836963185], [-37.3248326095699, -5.22462250239881], [-37.3248391078207, -5.22471641300705], [-37.3248517522791, -5.22480970030676], [-37.3248704889329, -5.22490196581092], [-37.3248952377463, -5.22499281539732], [-37.3249258930018, -5.22508186099222], [-37.3249631701028, -5.22517096259483], [-37.3250064308311, -5.2252573407281], [-37.3250554758848, -5.22534059744969], [-37.3251100793135, -5.22542034919766], [-37.3251699895597, -5.22549622855755], [-37.325234930617, -5.22556788595506], [-37.3253046033025, -5.22563499126649], [-37.3253786866345, -5.22569723533953], [-37.3254568393115, -5.2257543314176], [-37.3255387012845, -5.22580601646082], [-37.3256238954159, -5.22585205235786], [-37.3257120292169, -5.22589222702288], [-37.3258026966554, -5.22592635537255], [-37.3258954800272, -5.22595428017878], [-37.3259899518797, -5.22597587279295], [-37.3260856769817, -5.2259910337387], [-37.3261822143281, -5.2259996931701], [-37.3262791191721, -5.22600181119346], [-37.3271936744398, -5.2260647303978], [-37.3334846367537, -5.22592158100672], [-37.3371528028045, -5.22583409085687], [-37.3379751239502, -5.22581447514859], [-37.338877973894, -5.22579375134014], [-37.3431450946461, -5.22569579162921], [-37.3438280280996, -5.2256801115836], [-37.3482381007328, -5.22511795440816], [-37.3509423112888, -5.22482215418865], [-37.3509935102536, -5.22481602748025], [-37.3509940895369, -5.22481595846846], [-37.35100471158142, -5.2248146877050035], [-37.3507727, -5.2230796999999995], [-37.3493971, -5.2214395], [-37.348656500000004, -5.2202999000000005], [-37.3482123, -5.218644800000001], [-37.3477118, -5.2181322], [-37.34752679999999, -5.218147500000001], [-37.3462476, -5.2172943], [-37.3472425, -5.2165634], [-37.34744829999999, -5.2160031], [-37.347274399999996, -5.2157762], [-37.346107599999996, -5.216432300000001], [-37.3451099, -5.215357399999999], [-37.34479090000001, -5.2143410999999995], [-37.3449818, -5.2142681], [-37.344694000000004, -5.2136071], [-37.3448817, -5.2130846], [-37.3438529, -5.2110796], [-37.340750199999995, -5.2078894], [-37.3402481, -5.2082463], [-37.34022111262915, -5.208186017744888], [-37.3346474611444, -5.21211834899642]]], [[[-37.3562225410156, -5.22412506502059], [-37.3564169295027, -5.22407288829513], [-37.3566096773824, -5.22401498937902], [-37.3568006148441, -5.22395141927965], [-37.3569895736718, -5.22388223400054], [-37.35711159848055, -5.22383341491926], [-37.356095478023995, -5.224155172631398], [-37.3562225410156, -5.22412506502059]]]]}}, {"type": "Feature", "properties": {"bairro": "REDENÇÃO"}, "geometry": {"type": "MultiPolygon", "coordinates": [[[[-37.3529011652451, -5.13685362693426], [-37.3533694248369, -5.13663932110433], [-37.3535076498324, -5.13654834464526], [-37.3547849166594, -5.13661553469587], [-37.35631546027, -5.13652497167465], [-37.3564615474372, -5.13651632742781], [-37.3572589036312, -5.13633990544594], [-37.3576320788301, -5.13619092743381], [-37.3584016401028, -5.13594923135525], [-37.3592171570724, -5.13561326375065], [-37.353462371012, -5.13150503233379], [-37.3510355912636, -5.13322719106304], [-37.3454003767432, -5.13722612447269], [-37.3440707325188, -5.13752481397603], [-37.3384132971264, -5.14104057424235], [-37.3377178260628, -5.14159777053337], [-37.33766815459577, -5.141632284977641], [-37.3365770335709, -5.14249873400903], [-37.33256921896162, -5.145175303541216], [-37.3325675853679, -5.14517643865123], [-37.33256520743293, -5.1451779825911546], [-37.3262184587041, -5.1494165804137], [-37.3256125285423, -5.1498092969445], [-37.3246950980095, -5.15038497285644], [-37.3242350797407, -5.15067069328505], [-37.32258772068279, -5.151656141306689], [-37.3126211588972, -5.15812720668739], [-37.3105574937263, -5.15974033710316], [-37.3079440743465, -5.16588283347132], [-37.3079581995598, -5.16590532765067], [-37.3079889697908, -5.16595695473637], [-37.3080185729322, -5.16600926233579], [-37.3080470433575, -5.16606221256145], [-37.3080744172295, -5.16611577295623], [-37.308100723515, -5.16616990380973], [-37.3081260001805, -5.16622457266962], [-37.3081502761928, -5.16627973982548], [-37.308173585911, -5.16633537281533], [-37.3081959655123, -5.16639143375646], [-37.3082174457577, -5.16644788656024], [-37.3082380610111, -5.16650469695622], [-37.3082578456459, -5.1665618270568], [-37.3082768304231, -5.16661924077338], [-37.3082956745456, -5.16667867786525], [-37.3083141559108, -5.16673818452316], [-37.3083327260018, -5.16679756482072], [-37.308351374000985, -5.166855194049966], [-37.3083934833791, -5.16697302084145], [-37.3085589977894, -5.16728111561161], [-37.3089203367065, -5.16771591397822], [-37.3091831775649, -5.16800130524713], [-37.3096908820157, -5.16846281506901], [-37.3100777473535, -5.16864094874923], [-37.3106708289016, -5.16878633106093], [-37.3111157745689, -5.16872249930344], [-37.3115027106899, -5.16853099098673], [-37.3117978425968, -5.16823325226582], [-37.31184681294484, -5.168163786624127], [-37.3118535736012, -5.16815396783324], [-37.3118805001743, -5.16811364943401], [-37.3119070756683, -5.16807307509424], [-37.3119335089369, -5.16803239366994], [-37.311960005231, -5.16799175219896], [-37.3119867679976, -5.16795129771431], [-37.3120204528662, -5.1679017249169], [-37.3120548129078, -5.16785263136669], [-37.3120897958972, -5.16780398437094], [-37.3121253496039, -5.16775575304531], [-37.3121614254057, -5.16770790651524], [-37.3121979674693, -5.16766041207831], [-37.312234927177, -5.16761323705141], [-37.3122722522987, -5.16756635055033], [-37.3123079341731, -5.16752216162883], [-37.3123439436243, -5.16747824485592], [-37.312380329227, -5.16743464919131], [-37.3124171341684, -5.16739141453765], [-37.3124544052334, -5.16734858442425], [-37.3124921891979, -5.16730620599741], [-37.3125305310526, -5.16726431916466], [-37.312569479377, -5.167222971077], [-37.3126086432673, -5.16718264176578], [-37.3126484639007, -5.16714293995163], [-37.312688959158, -5.16710392536379], [-37.3127301433167, -5.16706565591335], [-37.3127720378605, -5.16702819314762], [-37.3128146570672, -5.16699159497766], [-37.3128580242385, -5.16695591753002], [-37.3129021536379, -5.16692122414137], [-37.3129622159035, -5.16687653572958], [-37.313023563261, -5.16683360862625], [-37.3130860877051, -5.16679235754259], [-37.3131496830484, -5.16675269176905], [-37.3132142431087, -5.16671451878759], [-37.3132796616841, -5.16667775331431], [-37.3133458325875, -5.16664230463982], [-37.3134126478276, -5.16660808204986], [-37.3134718354552, -5.16657897180761], [-37.3135314534335, -5.16655083388758], [-37.3135915213658, -5.16652375876876], [-37.31365205343, -5.16649784234144], [-37.3137130656121, -5.16647317869207], [-37.3137745721093, -5.16644985647678], [-37.3138365925058, -5.16642797340875], [-37.3138991391901, -5.1664076199478], [-37.3139456959303, -5.16639361174764], [-37.3139925299563, -5.16638047780489], [-37.3140396196555, -5.16636820540234], [-37.3140869470232, -5.16635678183239], [-37.3141344922364, -5.16634619980819], [-37.314182233697, -5.16633644118697], [-37.3142301533858, -5.16632749868671], [-37.3142782315038, -5.16631935597796], [-37.314326446424, -5.1663120057691], [-37.3143747801466, -5.16630543354404], [-37.3144232128628, -5.1662996265904], [-37.3144717229554, -5.16629457399957], [-37.3145202924195, -5.1662902630639], [-37.314568897834, -5.16628668287004], [-37.3146175248018, -5.16628382071999], [-37.3146661499016, -5.16628166570034], [-37.3147429130839, -5.16627962882331], [-37.3148196363927, -5.16627902962049], [-37.3148963332295, -5.16627957514414], [-37.3149730169957, -5.16628097244644], [-37.3150496992937, -5.16628292676617], [-37.3153685378822, -5.1662907236595], [-37.3154128842187, -5.16629130982004], [-37.3154572342739, -5.16629185439093], [-37.3155015824976, -5.16629240980515], [-37.3155459233351, -5.16629303030413], [-37.3155902530354, -5.16629377013421], [-37.3156345678474, -5.16629468354162], [-37.3156788622212, -5.16629582295934], [-37.3157231323963, -5.16629724625078], [-37.3157673728274, -5.16629900404035], [-37.3158115797637, -5.1663011505744], [-37.3158557458418, -5.16630374189814], [-37.3158998691146, -5.16630683226272], [-37.3159439458409, -5.16631047229743], [-37.3159496752457, -5.166311024642], [-37.3159775468018, -5.16631371377263], [-37.3309094770618, -5.15627528475896], [-37.3471339674324, -5.14533880953997], [-37.3467870390024, -5.1437342442604], [-37.3530276070526, -5.13950644425978], [-37.3545609776816, -5.13941634911399], [-37.3538386363752, -5.13827404499845], [-37.3529011652451, -5.13685362693426]]]]}}, {"type": "Feature", "properties": {"bairro": "RINCÃO"}, "geometry": {"type": "MultiPolygon", "coordinates": [[[[-37.279796442067784, -5.229158847072003], [-37.2797964420215, -5.22915884708726], [-37.2798125477546, -5.22924111602263], [-37.279796442067784, -5.229158847072003]]], [[[-37.2861354640167, -5.227069441155], [-37.2886274746757, -5.22591668577717], [-37.2884207237326, -5.22542520384852], [-37.2865655461832, -5.2212690012727], [-37.2953197905448, -5.21259699650104], [-37.2954747886159, -5.21277432335179], [-37.3011890447781, -5.2088311931608], [-37.3014648043595, -5.20911747477892], [-37.3051239740583, -5.20661194557007], [-37.3064258392264, -5.20572051296391], [-37.3118577875836, -5.20200100195405], [-37.3178148908211, -5.19792177024953], [-37.318083687937, -5.19773770366534], [-37.3122256882502, -5.19336275407055], [-37.298485994214, -5.18311037902815], [-37.2979360051488, -5.18277308556427], [-37.2943023970767, -5.18146540820486], [-37.2711499787883, -5.19804290720887], [-37.2765635484609, -5.21259414580583], [-37.2774126033152, -5.2169820355586], [-37.279796442067784, -5.229158847072003], [-37.2861354640167, -5.227069441155]]]]}}, {"type": "Feature", "properties": {"bairro": "SANTA DELMIRA"}, "geometry": {"type": "MultiPolygon", "coordinates": [[[[-37.3530276070526, -5.13950644425978], [-37.3467870390024, -5.1437342442604], [-37.3494726127118, -5.15597563134748], [-37.3521704082534, -5.1542088592251], [-37.3534620409262, -5.15472743014101], [-37.3540780279558, -5.15479297616047], [-37.3564700940576, -5.15599554196142], [-37.3577419386948, -5.15541697609139], [-37.3596243017414, -5.15401121233915], [-37.3611451420138, -5.15252364729937], [-37.3620215404054, -5.15183317723044], [-37.3641423516356, -5.14869915304404], [-37.3645973653188, -5.14896612015178], [-37.3649745612573, -5.14825675086149], [-37.3646023829106, -5.14798756842847], [-37.364887708222, -5.14760924095656], [-37.3650887599241, -5.1473730633886], [-37.3641661714773, -5.1465615403651], [-37.3683887682889, -5.14564007887655], [-37.3682706456583, -5.14507252947797], [-37.3682314763805, -5.14478147531212], [-37.3682687352915, -5.14421923511251], [-37.3625744919368, -5.14185907756693], [-37.3620199884011, -5.14150616068428], [-37.3616734963474, -5.1410697428085], [-37.3628956891257, -5.13889389201209], [-37.3592171570724, -5.13561326375065], [-37.3584016401028, -5.13594923135525], [-37.3576320788301, -5.13619092743381], [-37.3572589036312, -5.13633990544594], [-37.3564615474372, -5.13651632742781], [-37.35631546027, -5.13652497167465], [-37.3547849166594, -5.13661553469587], [-37.3535076498324, -5.13654834464526], [-37.3533694248369, -5.13663932110433], [-37.3529011652451, -5.13685362693426], [-37.3538386363752, -5.13827404499845], [-37.3545609776816, -5.13941634911399], [-37.3530276070526, -5.13950644425978]]]]}}, {"type": "Feature", "properties": {"bairro": "SANTA JÚLIA"}, "geometry": {"type": "MultiPolygon", "coordinates": [[[[-37.3105574937263, -5.15974033710316], [-37.3126211588972, -5.15812720668739], [-37.3214497801063, -5.15234239976075], [-37.3215786764233, -5.1522597502555], [-37.3242350797407, -5.15067069328505], [-37.3246950980095, -5.15038497285644], [-37.3256125285423, -5.1498092969445], [-37.3262184587041, -5.1494165804137], [-37.3365770335709, -5.14249873400903], [-37.3384132971264, -5.14104057424235], [-37.3440707325188, -5.13752481397603], [-37.3454003767432, -5.13722612447269], [-37.353462371012, -5.13150503233379], [-37.3536130004987, -5.13098995399804], [-37.3550516453529, -5.12847175788879], [-37.3489951526029, -5.1278722666607], [-37.3408881340195, -5.09098238499439], [-37.3357596834345, -5.09291340071261], [-37.3229762210385, -5.09772650466647], [-37.3246181922892, -5.1001960269533], [-37.3280457064991, -5.10365069472604], [-37.3305789964707, -5.10718707270422], [-37.3334689276285, -5.11327367025546], [-37.3234892393026, -5.11984954727919], [-37.3164700602876, -5.12488360976181], [-37.3180614216403, -5.12734549343327], [-37.3125979030558, -5.13077974850118], [-37.3138769719306, -5.1328357801171], [-37.3113586709287, -5.13461003826147], [-37.3123634666262, -5.13685211699003], [-37.3255119252156, -5.12874478758342], [-37.3277224378066, -5.13835264540598], [-37.3281456558647, -5.14015034001711], [-37.3139161013486, -5.1518461046366], [-37.3105574937263, -5.15974033710316]]]]}}, {"type": "Feature", "properties": {"bairro": "SANTO ANTÔNIO"}, "geometry": {"type": "MultiPolygon", "coordinates": [[[[-37.3342137994252, -5.16121854060394], [-37.3343692239421, -5.16114658783147], [-37.3373338606901, -5.16790014062936], [-37.3384573396058, -5.16981097097474], [-37.3380378038798, -5.17005290769566], [-37.3420216367105, -5.17666381863888], [-37.3414472555267, -5.18091772452376], [-37.346122304838, -5.18863648398527], [-37.3518185722346, -5.18520352507633], [-37.3519219190525, -5.18514071871215], [-37.3480731021551, -5.18030773845518], [-37.3473803323427, -5.17925926520755], [-37.346952728578636, -5.178572453771351], [-37.3469527191117, -5.17857243910854], [-37.346952699560305, -5.178572407162506], [-37.3465843375602, -5.17798074905378], [-37.3461707509518, -5.17731644859329], [-37.345840251175, -5.17678560058545], [-37.345181839546, -5.17567890691931], [-37.3476958605461, -5.17138495372907], [-37.3483362572298, -5.17050587064213], [-37.3505129067632, -5.16673731591969], [-37.3505911803914, -5.1665551684802], [-37.35068223744348, -5.166321238857127], [-37.35068223764558, -5.166321238301035], [-37.3507942451532, -5.1659964195726], [-37.350872047631114, -5.165728827618187], [-37.350872047852505, -5.165728826793972], [-37.35092127114539, -5.165536915056623], [-37.350921271335764, -5.1655369142557], [-37.35096645980374, -5.165336568298488], [-37.350966459936956, -5.165336567655554], [-37.351015336468805, -5.165080492546336], [-37.35101533656479, -5.165080492004229], [-37.35104606291114, -5.1648838420845085], [-37.35104606300894, -5.164883841420227], [-37.35107238205475, -5.164675708499878], [-37.351072382125864, -5.164675707895454], [-37.35108469874491, -5.164554050494169], [-37.3510963973555, -5.16442152047204], [-37.3511082595511, -5.16422061250432], [-37.351111930179734, -5.1640979058972505], [-37.3511116504233, -5.16369428184338], [-37.3509105652745, -5.16274732398187], [-37.3471339674324, -5.14533880953997], [-37.3309094770618, -5.15627528475896], [-37.3342137994252, -5.16121854060394]]]]}}]}